stope_name,timestamp,vibration_velocity,deformation_rate,stress,temperature,humidity
Stope_001,2024-01-01,0.92,0.12,19.6,22.43,69.84
Stope_001,2024-01-02,1.0,0.19,20.33,22.93,69.84
Stope_001,2024-01-03,1.09,0.27,21.12,23.43,69.64
Stope_001,2024-01-04,1.13,0.29,21.63,23.86,69.12
Stope_001,2024-01-05,1.21,0.37,22.39,24.33,68.5
Stope_001,2024-01-06,1.14,0.28,22.35,24.56,67.37
Stope_001,2024-01-07,1.18,0.31,22.9,24.95,66.31
Stope_001,2024-01-08,1.23,0.35,23.49,25.32,65.13
Stope_001,2024-01-09,1.1,0.21,23.18,25.42,63.47
Stope_001,2024-01-10,1.21,0.31,24.06,25.81,62.21
Stope_001,2024-01-11,1.3,0.39,24.85,26.16,60.87
Stope_001,2024-01-12,1.16,0.24,24.49,26.13,59.05
Stope_001,2024-01-13,1.32,0.39,25.59,26.49,57.83
Stope_001,2024-01-14,1.39,0.44,26.27,26.68,56.49
Stope_001,2024-01-15,1.41,0.45,26.72,26.78,55.15
Stope_001,2024-01-16,1.34,0.37,26.7,26.7,53.73
Stope_001,2024-01-17,1.32,0.34,26.94,26.64,52.56
Stope_001,2024-01-18,1.35,0.36,27.44,26.63,51.65
Stope_001,2024-01-19,1.57,0.57,28.85,26.82,51.3
Stope_001,2024-01-20,1.39,0.37,28.26,26.42,50.35
Stope_001,2024-01-21,1.57,0.55,29.53,26.5,50.36
Stope_001,2024-01-22,1.3,0.27,28.5,25.89,49.67
Stope_001,2024-01-23,1.43,0.38,29.46,25.81,50.0
Stope_001,2024-01-24,1.27,0.21,28.99,25.3,49.98
Stope_001,2024-01-25,1.56,0.5,30.82,25.39,51.09
Stope_001,2024-01-26,1.44,0.36,30.51,24.87,51.56
Stope_001,2024-01-27,1.63,0.54,31.83,24.76,52.85
Stope_001,2024-01-28,1.69,0.59,32.47,24.45,54.04
Stope_001,2024-01-29,1.59,0.48,32.3,23.9,55.04
Stope_001,2024-01-30,1.6,0.47,32.64,23.47,56.36
Stope_001,2024-01-31,1.64,0.51,33.21,23.1,57.84
Stope_001,2024-02-01,1.69,0.54,33.76,22.71,59.37
Stope_001,2024-02-02,1.77,0.61,34.5,22.38,60.98
Stope_001,2024-02-03,1.73,0.56,34.64,21.88,62.34
Stope_001,2024-02-04,1.76,0.58,35.12,21.48,63.78
Stope_001,2024-02-05,1.66,0.47,34.99,20.92,64.89
Stope_001,2024-02-06,1.75,0.55,35.75,20.63,66.25
Stope_001,2024-02-07,1.78,0.57,36.23,20.28,67.34
Stope_001,2024-02-08,1.87,0.65,37.03,20.04,68.4
Stope_001,2024-02-09,2.11,0.87,38.53,20.02,69.55
Stope_001,2024-02-10,1.88,0.63,37.72,19.38,69.58
Stope_001,2024-02-11,1.88,0.62,38.06,19.09,69.85
Stope_001,2024-02-12,1.95,0.68,38.73,18.94,70.02
Stope_001,2024-02-13,2.01,0.73,39.36,18.8,69.96
Stope_001,2024-02-14,1.87,0.58,39.0,18.43,69.28
Stope_001,2024-02-15,1.98,0.68,39.92,18.46,68.9
Stope_001,2024-02-16,1.9,0.58,39.81,18.24,67.9
Stope_001,2024-02-17,2.01,0.69,40.72,18.35,67.13
Stope_001,2024-02-18,1.85,0.52,40.25,18.1,65.65
Stope_001,2024-02-19,2.05,0.71,41.59,18.4,64.75
Stope_001,2024-02-20,1.99,0.64,41.62,18.39,63.23
Stope_001,2024-02-21,2.14,0.77,42.7,18.71,62.04
Stope_001,2024-02-22,2.02,0.64,42.42,18.68,60.26
Stope_001,2024-02-23,2.12,0.73,43.27,19.01,58.93
Stope_001,2024-02-24,2.34,0.94,44.7,19.52,57.84
Stope_001,2024-02-25,2.37,0.96,45.19,19.81,56.44
Stope_001,2024-02-26,2.24,0.82,44.87,19.91,54.8
Stope_001,2024-02-27,2.35,0.91,45.74,20.37,53.75
Stope_001,2024-02-28,2.18,0.74,45.26,20.46,52.3
Stope_001,2024-02-29,2.37,0.91,46.52,21.07,51.73
Stope_001,2024-03-01,2.42,0.95,47.08,21.49,51.05
Stope_001,2024-03-02,2.45,0.97,47.57,21.9,50.56
Stope_001,2024-03-03,2.37,0.88,47.5,22.18,50.05
Stope_001,2024-03-04,2.59,1.09,48.96,22.87,50.39
Stope_001,2024-03-05,2.46,0.95,48.63,23.08,50.23
Stope_001,2024-03-06,2.38,0.85,48.55,23.34,50.39
Stope_001,2024-03-07,2.47,0.94,49.35,23.84,51.11
Stope_001,2024-03-08,2.45,0.91,49.58,24.18,51.81
Stope_001,2024-03-09,2.42,0.86,49.74,24.47,52.67
Stope_001,2024-03-10,2.51,0.94,50.53,24.91,53.93
Stope_001,2024-03-11,2.64,1.07,51.55,25.39,55.42
Stope_001,2024-03-12,2.69,1.1,52.12,25.73,56.84
Stope_001,2024-03-13,2.65,1.05,52.26,25.91,58.16
Stope_001,2024-03-14,2.45,0.84,51.58,25.84,59.2
Stope_001,2024-03-15,2.65,1.03,52.93,26.28,61.06
Stope_001,2024-03-16,2.88,1.24,54.39,26.72,62.94
Stope_001,2024-03-17,2.57,0.92,53.18,26.39,63.7
Stope_001,2024-03-18,2.61,0.95,53.71,26.5,65.06
Stope_001,2024-03-19,2.7,1.03,54.51,26.64,66.41
Stope_001,2024-03-20,2.82,1.14,55.44,26.78,67.67
Stope_001,2024-03-21,2.87,1.18,56.0,26.78,68.62
Stope_001,2024-03-22,2.75,1.05,55.77,26.5,69.05
Stope_001,2024-03-23,2.84,1.13,56.53,26.47,69.68
Stope_001,2024-03-24,2.84,1.12,56.88,26.28,69.93
Stope_001,2024-03-25,2.72,0.99,56.61,25.89,69.71
Stope_001,2024-03-26,2.76,1.01,57.12,25.67,69.57
Stope_001,2024-03-27,2.94,1.18,58.35,25.63,69.5
Stope_001,2024-03-28,3.05,1.28,59.24,25.45,69.08
Stope_001,2024-03-29,2.85,1.07,58.57,24.83,67.84
Stope_001,2024-03-30,3.03,1.24,59.8,24.69,67.18
Stope_002,2024-01-01,0.99,0.19,19.97,22.53,69.99
Stope_002,2024-01-02,1.17,0.35,21.16,23.15,70.17
Stope_002,2024-01-03,1.18,0.36,21.59,23.57,69.83
Stope_002,2024-01-04,0.99,0.16,20.95,23.66,68.85
Stope_002,2024-01-05,0.98,0.14,21.25,24.01,68.04
Stope_002,2024-01-06,1.02,0.17,21.78,24.41,67.14
Stope_002,2024-01-07,1.07,0.2,22.35,24.8,66.09
Stope_002,2024-01-08,1.09,0.21,22.76,25.12,64.84
Stope_002,2024-01-09,1.14,0.25,23.36,25.46,63.55
Stope_002,2024-01-10,1.15,0.25,23.75,25.73,62.09
Stope_002,2024-01-11,1.11,0.2,23.9,25.89,60.49
Stope_002,2024-01-12,1.21,0.29,24.72,26.2,59.14
Stope_002,2024-01-13,1.29,0.36,25.46,26.45,57.78
Stope_002,2024-01-14,1.31,0.36,25.87,26.57,56.34
Stope_002,2024-01-15,1.29,0.34,26.13,26.61,54.91
Stope_002,2024-01-16,1.34,0.37,26.69,26.7,53.73
Stope_002,2024-01-17,1.3,0.32,26.83,26.61,52.51
Stope_002,2024-01-18,1.33,0.34,27.3,26.58,51.6
Stope_002,2024-01-19,1.19,0.19,26.96,26.29,50.54
Stope_002,2024-01-20,1.4,0.39,28.32,26.43,50.37
Stope_002,2024-01-21,1.42,0.4,28.77,26.28,50.05
Stope_002,2024-01-22,1.52,0.49,29.61,26.21,50.11
Stope_002,2024-01-23,1.3,0.26,28.84,25.64,49.75
Stope_002,2024-01-24,1.53,0.47,30.31,25.67,50.51
Stope_002,2024-01-25,1.65,0.59,31.27,25.52,51.27
Stope_002,2024-01-26,1.44,0.36,30.54,24.87,51.57
Stope_002,2024-01-27,1.59,0.5,31.62,24.7,52.77
Stope_002,2024-01-28,1.7,0.6,32.52,24.47,54.06
Stope_002,2024-01-29,1.67,0.56,32.68,24.0,55.19
Stope_002,2024-01-30,1.73,0.61,33.32,23.65,56.63
Stope_002,2024-01-31,1.67,0.54,33.37,23.14,57.91
Stope_002,2024-02-01,1.65,0.51,33.59,22.67,59.3
Stope_002,2024-02-02,1.59,0.44,33.64,22.14,60.64
Stope_002,2024-02-03,1.7,0.54,34.51,21.85,62.29
Stope_002,2024-02-04,1.78,0.61,35.25,21.52,63.84
Stope_002,2024-02-05,1.8,0.61,35.67,21.12,65.17
Stope_002,2024-02-06,1.97,0.77,36.86,20.94,66.69
Stope_002,2024-02-07,1.82,0.6,36.41,20.33,67.42
Stope_002,2024-02-08,1.84,0.62,36.87,19.99,68.34
Stope_002,2024-02-09,1.88,0.65,37.41,19.7,69.11
Stope_002,2024-02-10,1.86,0.61,37.62,19.36,69.54
Stope_002,2024-02-11,1.94,0.69,38.39,19.19,69.98
Stope_002,2024-02-12,1.93,0.67,38.67,18.93,70.0
Stope_002,2024-02-13,1.94,0.67,39.06,18.72,69.84
Stope_002,2024-02-14,2.04,0.75,39.87,18.68,69.63
Stope_002,2024-02-15,2.01,0.71,40.03,18.48,68.94
Stope_002,2024-02-16,2.02,0.71,40.43,18.42,68.15
Stope_002,2024-02-17,2.07,0.75,41.01,18.42,67.25
Stope_002,2024-02-18,2.1,0.76,41.48,18.44,66.14
Stope_002,2024-02-19,2.11,0.76,41.87,18.48,64.87
Stope_002,2024-02-20,2.07,0.72,42.03,18.5,63.39
Stope_002,2024-02-21,2.06,0.69,42.29,18.6,61.88
Stope_002,2024-02-22,2.29,0.91,43.76,19.05,60.8
Stope_002,2024-02-23,2.15,0.77,43.44,19.05,58.99
Stope_002,2024-02-24,2.19,0.79,43.94,19.32,57.54
Stope_002,2024-02-25,2.22,0.81,44.43,19.61,56.14
Stope_002,2024-02-26,2.25,0.83,44.92,19.92,54.82
Stope_002,2024-02-27,2.26,0.83,45.31,20.24,53.58
Stope_002,2024-02-28,2.32,0.88,45.94,20.66,52.58
Stope_002,2024-02-29,2.49,1.03,47.1,21.23,51.96
Stope_002,2024-03-01,2.26,0.79,46.28,21.27,50.73
Stope_002,2024-03-02,2.49,1.01,47.79,21.97,50.65
Stope_002,2024-03-03,2.48,0.99,48.08,22.35,50.29
Stope_002,2024-03-04,2.17,0.67,46.86,22.29,49.55
Stope_002,2024-03-05,2.36,0.85,48.15,22.94,50.03
Stope_002,2024-03-06,2.38,0.85,48.54,23.34,50.39
Stope_002,2024-03-07,2.4,0.87,49.01,23.75,50.98
Stope_002,2024-03-08,2.43,0.88,49.47,24.13,51.77
Stope_002,2024-03-09,2.43,0.87,49.82,24.48,52.7
Stope_002,2024-03-10,2.54,0.97,50.69,24.95,53.99
Stope_002,2024-03-11,2.48,0.91,50.75,25.17,55.1
Stope_002,2024-03-12,2.67,1.09,52.04,25.7,56.81
Stope_002,2024-03-13,2.55,0.95,51.74,25.77,57.95
Stope_002,2024-03-14,2.61,1.0,52.4,26.06,59.53
Stope_002,2024-03-15,2.6,0.98,52.68,26.21,60.96
Stope_002,2024-03-16,2.54,0.91,52.7,26.27,62.26
Stope_002,2024-03-17,2.73,1.09,54.0,26.63,64.03
Stope_002,2024-03-18,2.78,1.13,54.58,26.75,65.41
Stope_002,2024-03-19,2.85,1.18,55.26,26.85,66.71
Stope_002,2024-03-20,2.73,1.05,54.99,26.65,67.49
Stope_002,2024-03-21,2.72,1.03,55.26,26.57,68.32
Stope_002,2024-03-22,2.78,1.08,55.88,26.54,69.1
Stope_002,2024-03-23,2.94,1.23,57.03,26.61,69.88
Stope_002,2024-03-24,2.71,0.99,56.23,26.11,69.67
Stope_002,2024-03-25,2.88,1.15,57.42,26.11,70.03
Stope_002,2024-03-26,3.15,1.4,59.07,26.21,70.35
Stope_002,2024-03-27,3.0,1.24,58.65,25.71,69.62
Stope_002,2024-03-28,2.86,1.09,58.29,25.19,68.7
Stope_002,2024-03-29,3.05,1.27,59.58,25.1,68.25
Stope_002,2024-03-30,3.06,1.27,59.95,24.73,67.24
Stope_003,2024-01-01,1.12,0.32,20.58,22.71,70.23
Stope_003,2024-01-02,1.02,0.21,20.45,22.96,69.89
Stope_003,2024-01-03,1.01,0.19,20.71,23.32,69.48
Stope_003,2024-01-04,0.95,0.12,20.75,23.61,68.77
Stope_003,2024-01-05,1.2,0.35,22.31,24.31,68.47
Stope_003,2024-01-06,1.26,0.41,22.98,24.74,67.62
Stope_003,2024-01-07,0.91,0.04,21.53,24.58,65.76
Stope_003,2024-01-08,1.26,0.39,23.65,25.37,65.19
Stope_003,2024-01-09,1.44,0.55,24.87,25.89,64.15
Stope_003,2024-01-10,1.29,0.39,24.43,25.92,62.36
Stope_003,2024-01-11,1.28,0.37,24.75,26.11,60.83
Stope_003,2024-01-12,1.13,0.21,24.33,26.09,58.99
Stope_003,2024-01-13,1.18,0.24,24.89,26.29,57.55
Stope_003,2024-01-14,1.34,0.4,26.05,26.63,56.41
Stope_003,2024-01-15,1.33,0.38,26.33,26.67,54.99
Stope_003,2024-01-16,1.25,0.29,26.26,26.57,53.56
Stope_003,2024-01-17,1.54,0.56,28.03,26.94,52.99
Stope_003,2024-01-18,1.19,0.2,26.61,26.4,51.32
Stope_003,2024-01-19,1.52,0.52,28.61,26.75,51.2
Stope_003,2024-01-20,1.57,0.56,29.18,26.68,50.72
Stope_003,2024-01-21,1.39,0.37,28.62,26.24,49.99
Stope_003,2024-01-22,1.6,0.57,30.0,26.31,50.27
Stope_003,2024-01-23,1.41,0.36,29.36,25.78,49.96
Stope_003,2024-01-24,1.53,0.47,30.31,25.66,50.51
Stope_003,2024-01-25,1.47,0.41,30.37,25.27,50.91
Stope_003,2024-01-26,1.73,0.66,32.0,25.27,52.15
Stope_003,2024-01-27,1.59,0.5,31.6,24.7,52.76
Stope_003,2024-01-28,1.59,0.49,31.95,24.3,53.83
Stope_003,2024-01-29,1.6,0.49,32.35,23.91,55.06
Stope_003,2024-01-30,1.44,0.32,31.87,23.25,56.05
Stope_003,2024-01-31,1.5,0.37,32.49,22.9,57.56
Stope_003,2024-02-01,1.79,0.65,34.28,22.86,59.58
Stope_003,2024-02-02,1.62,0.46,33.76,22.17,60.69
Stope_003,2024-02-03,1.61,0.44,34.04,21.71,62.1
Stope_003,2024-02-04,1.71,0.53,34.87,21.42,63.68
Stope_003,2024-02-05,1.69,0.5,35.1,20.96,64.94
Stope_003,2024-02-06,1.96,0.76,36.81,20.92,66.67
Stope_003,2024-02-07,1.89,0.68,36.79,20.44,67.57
Stope_003,2024-02-08,1.58,0.35,35.54,19.63,67.81
Stope_003,2024-02-09,1.89,0.66,37.45,19.72,69.12
Stope_003,2024-02-10,1.75,0.5,37.07,19.2,69.32
Stope_003,2024-02-11,1.86,0.61,37.99,19.08,69.82
Stope_003,2024-02-12,1.98,0.71,38.91,18.98,70.09
Stope_003,2024-02-13,2.14,0.86,40.05,19.0,70.23
Stope_003,2024-02-14,2.04,0.75,39.85,18.66,69.62
Stope_003,2024-02-15,1.95,0.65,39.76,18.42,68.84
Stope_003,2024-02-16,1.9,0.59,39.84,18.25,67.91
Stope_003,2024-02-17,2.03,0.71,40.82,18.37,67.17
Stope_003,2024-02-18,2.03,0.7,41.16,18.36,66.01
Stope_003,2024-02-19,2.09,0.75,41.8,18.47,64.84
Stope_003,2024-02-20,2.15,0.79,42.42,18.61,63.54
Stope_003,2024-02-21,2.01,0.64,42.03,18.53,61.77
Stope_003,2024-02-22,1.99,0.61,42.27,18.64,60.2
Stope_003,2024-02-23,2.26,0.87,43.96,19.19,59.2
Stope_003,2024-02-24,2.13,0.73,43.63,19.23,57.42
Stope_003,2024-02-25,2.38,0.97,45.23,19.83,56.46
Stope_003,2024-02-26,2.28,0.86,45.07,19.97,54.88
Stope_003,2024-02-27,2.46,1.03,46.29,20.52,53.97
Stope_003,2024-02-28,2.29,0.84,45.77,20.6,52.51
Stope_003,2024-02-29,2.29,0.84,46.14,20.96,51.57
Stope_003,2024-03-01,2.44,0.98,47.22,21.53,51.11
Stope_003,2024-03-02,2.33,0.86,47.0,21.75,50.33
Stope_003,2024-03-03,2.45,0.96,47.91,22.29,50.22
Stope_003,2024-03-04,2.5,1.0,48.49,22.75,50.2
Stope_003,2024-03-05,2.4,0.89,48.34,23.0,50.11
Stope_003,2024-03-06,2.4,0.88,48.69,23.37,50.44
Stope_003,2024-03-07,2.55,1.02,49.76,23.95,51.28
Stope_003,2024-03-08,2.45,0.9,49.58,24.16,51.81
Stope_003,2024-03-09,2.48,0.92,50.04,24.55,52.79
Stope_003,2024-03-10,2.62,1.06,51.12,25.08,54.16
Stope_003,2024-03-11,2.62,1.05,51.46,25.37,55.38
Stope_003,2024-03-12,2.6,1.02,51.69,25.6,56.67
Stope_003,2024-03-13,2.62,1.02,52.11,25.86,58.1
Stope_003,2024-03-14,2.65,1.03,52.56,26.1,59.59
Stope_003,2024-03-15,2.75,1.13,53.43,26.42,61.26
Stope_003,2024-03-16,2.6,0.97,53.02,26.35,62.39
Stope_003,2024-03-17,2.75,1.11,54.09,26.65,64.06
Stope_003,2024-03-18,2.61,0.95,53.71,26.5,65.06
Stope_003,2024-03-19,2.61,0.94,54.05,26.52,66.23
Stope_003,2024-03-20,2.8,1.12,55.31,26.75,67.62
Stope_003,2024-03-21,2.58,0.89,54.55,26.38,68.04
Stope_003,2024-03-22,2.8,1.1,56.02,26.57,69.15
Stope_003,2024-03-23,2.9,1.19,56.82,26.56,69.8
Stope_003,2024-03-24,2.91,1.19,57.21,26.38,70.06
Stope_003,2024-03-25,2.99,1.26,57.95,26.27,70.24
Stope_003,2024-03-26,2.99,1.25,58.31,26.0,70.04
Stope_003,2024-03-27,2.94,1.18,58.37,25.63,69.51
Stope_003,2024-03-28,2.93,1.17,58.66,25.3,68.85
Stope_003,2024-03-29,3.03,1.25,59.46,25.06,68.2
Stope_003,2024-03-30,2.71,0.92,58.2,24.24,66.54
Stope_004,2024-01-01,0.88,0.08,19.4,22.38,69.76
Stope_004,2024-01-02,1.03,0.22,20.5,22.97,69.91
Stope_004,2024-01-03,0.96,0.14,20.48,23.25,69.39
Stope_004,2024-01-04,1.1,0.26,21.49,23.82,69.07
Stope_004,2024-01-05,0.95,0.1,21.06,23.95,67.97
Stope_004,2024-01-06,1.13,0.28,22.33,24.56,67.36
Stope_004,2024-01-07,1.12,0.25,22.58,24.87,66.18
Stope_004,2024-01-08,1.37,0.49,24.18,25.52,65.4
Stope_004,2024-01-09,0.97,0.08,22.53,25.24,63.21
Stope_004,2024-01-10,1.23,0.33,24.17,25.84,62.26
Stope_004,2024-01-11,1.31,0.4,24.86,26.16,60.88
Stope_004,2024-01-12,1.1,0.17,24.14,26.03,58.91
Stope_004,2024-01-13,1.1,0.17,24.52,26.18,57.4
Stope_004,2024-01-14,1.39,0.45,26.3,26.68,56.51
Stope_004,2024-01-15,1.49,0.54,27.14,26.89,55.32
Stope_004,2024-01-16,1.28,0.31,26.41,26.61,53.61
Stope_004,2024-01-17,1.33,0.36,27.01,26.67,52.58
Stope_004,2024-01-18,1.37,0.38,27.53,26.65,51.69
Stope_004,2024-01-19,1.39,0.39,27.95,26.57,50.94
Stope_004,2024-01-20,1.39,0.38,28.29,26.43,50.36
Stope_004,2024-01-21,1.37,0.35,28.51,26.21,49.95
Stope_004,2024-01-22,1.43,0.39,29.14,26.07,49.92
Stope_004,2024-01-23,1.4,0.35,29.33,25.78,49.95
Stope_004,2024-01-24,1.5,0.45,30.17,25.63,50.45
Stope_004,2024-01-25,1.53,0.47,30.66,25.35,51.03
Stope_004,2024-01-26,1.61,0.53,31.38,25.1,51.9
Stope_004,2024-01-27,1.44,0.36,30.89,24.49,52.47
Stope_004,2024-01-28,1.68,0.58,32.42,24.44,54.02
Stope_004,2024-01-29,1.71,0.6,32.9,24.06,55.28
Stope_004,2024-01-30,1.53,0.4,32.3,23.37,56.22
Stope_004,2024-01-31,1.67,0.53,33.34,23.12,57.89
Stope_004,2024-02-01,1.66,0.51,33.61,22.67,59.31
Stope_004,2024-02-02,1.45,0.3,32.92,21.93,60.35
Stope_004,2024-02-03,1.81,0.65,35.06,22.0,62.51
Stope_004,2024-02-04,1.78,0.61,35.25,21.52,63.83
Stope_004,2024-02-05,1.84,0.65,35.88,21.17,65.25
Stope_004,2024-02-06,1.8,0.6,36.0,20.7,66.35
Stope_004,2024-02-07,1.78,0.57,36.25,20.28,67.35
Stope_004,2024-02-08,1.61,0.39,35.7,19.68,67.87
Stope_004,2024-02-09,1.79,0.56,36.95,19.58,68.92
Stope_004,2024-02-10,1.89,0.65,37.8,19.4,69.61
Stope_004,2024-02-11,1.72,0.46,37.27,18.87,69.53
Stope_004,2024-02-12,2.04,0.77,39.18,19.07,70.2
Stope_004,2024-02-13,2.0,0.73,39.35,18.8,69.96
Stope_004,2024-02-14,1.97,0.68,39.52,18.58,69.49
Stope_004,2024-02-15,1.94,0.64,39.71,18.4,68.81
Stope_004,2024-02-16,1.91,0.6,39.87,18.25,67.93
Stope_004,2024-02-17,1.91,0.59,40.22,18.21,66.93
Stope_004,2024-02-18,2.0,0.66,40.99,18.3,65.95
Stope_004,2024-02-19,2.01,0.66,41.37,18.35,64.66
Stope_004,2024-02-20,1.98,0.62,41.56,18.37,63.2
Stope_004,2024-02-21,2.06,0.69,42.29,18.6,61.87
Stope_004,2024-02-22,2.29,0.92,43.8,19.07,60.82
Stope_004,2024-02-23,2.14,0.75,43.37,19.04,58.97
Stope_004,2024-02-24,2.13,0.73,43.67,19.25,57.43
Stope_004,2024-02-25,2.24,0.83,44.53,19.63,56.18
Stope_004,2024-02-26,2.53,1.1,46.29,20.31,55.37
Stope_004,2024-02-27,2.28,0.85,45.41,20.27,53.62
Stope_004,2024-02-28,2.29,0.85,45.78,20.62,52.52
Stope_004,2024-02-29,2.34,0.89,46.38,21.03,51.67
Stope_004,2024-03-01,2.31,0.84,46.54,21.35,50.84
Stope_004,2024-03-02,2.35,0.87,47.07,21.77,50.36
Stope_004,2024-03-03,2.47,0.98,48.0,22.32,50.25
Stope_004,2024-03-04,2.48,0.98,48.41,22.72,50.17
Stope_004,2024-03-05,2.58,1.07,49.22,23.23,50.46
Stope_004,2024-03-06,2.54,1.02,49.38,23.57,50.72
Stope_004,2024-03-07,2.41,0.87,49.03,23.75,50.99
Stope_004,2024-03-08,2.49,0.95,49.8,24.23,51.9
Stope_004,2024-03-09,2.47,0.91,49.99,24.54,52.77
Stope_004,2024-03-10,2.3,0.73,49.51,24.62,53.52
Stope_004,2024-03-11,2.52,0.94,50.92,25.21,55.17
Stope_004,2024-03-12,2.47,0.88,51.0,25.42,56.39
Stope_004,2024-03-13,2.62,1.02,52.12,25.88,58.11
Stope_004,2024-03-14,2.58,0.97,52.25,26.02,59.47
Stope_004,2024-03-15,2.67,1.04,53.0,26.31,61.09
Stope_004,2024-03-16,2.6,0.97,52.99,26.35,62.38
Stope_004,2024-03-17,2.6,0.96,53.34,26.45,63.76
Stope_004,2024-03-18,2.67,1.02,54.03,26.6,65.19
Stope_004,2024-03-19,2.66,0.99,54.3,26.58,66.33
Stope_004,2024-03-20,2.7,1.03,54.86,26.63,67.44
Stope_004,2024-03-21,2.76,1.07,55.46,26.63,68.4
Stope_004,2024-03-22,2.97,1.27,56.87,26.81,69.5
Stope_004,2024-03-23,2.79,1.07,56.26,26.4,69.57
Stope_004,2024-03-24,2.77,1.05,56.52,26.18,69.79
Stope_004,2024-03-25,2.87,1.14,57.35,26.1,70.0
Stope_004,2024-03-26,2.73,0.99,57.0,25.64,69.52
Stope_004,2024-03-27,2.89,1.14,58.12,25.56,69.41
Stope_004,2024-03-28,3.13,1.36,59.64,25.56,69.24
Stope_004,2024-03-29,2.89,1.11,58.79,24.88,67.93
Stope_004,2024-03-30,3.0,1.21,59.67,24.66,67.13
Stope_005,2024-01-01,0.99,0.19,19.97,22.53,69.99
Stope_005,2024-01-02,0.94,0.13,20.03,22.85,69.72
Stope_005,2024-01-03,1.08,0.26,21.06,23.41,69.62
Stope_005,2024-01-04,1.16,0.32,21.78,23.9,69.18
Stope_005,2024-01-05,1.18,0.34,22.25,24.29,68.44
Stope_005,2024-01-06,1.24,0.38,22.84,24.7,67.57
Stope_005,2024-01-07,1.04,0.17,22.2,24.76,66.03
Stope_005,2024-01-08,1.3,0.42,23.83,25.42,65.27
Stope_005,2024-01-09,1.26,0.37,23.97,25.64,63.79
Stope_005,2024-01-10,1.12,0.22,23.59,25.68,62.03
Stope_005,2024-01-11,1.31,0.4,24.89,26.16,60.88
Stope_005,2024-01-12,1.29,0.37,25.12,26.31,59.3
Stope_005,2024-01-13,1.17,0.24,24.86,26.28,57.54
Stope_005,2024-01-14,1.56,0.62,27.14,26.92,56.84
Stope_005,2024-01-15,1.34,0.38,26.36,26.67,55.01
Stope_005,2024-01-16,1.28,0.31,26.4,26.61,53.61
Stope_005,2024-01-17,1.36,0.38,27.13,26.7,52.63
Stope_005,2024-01-18,1.57,0.58,28.52,26.93,52.08
Stope_005,2024-01-19,1.48,0.48,28.4,26.7,51.12
Stope_005,2024-01-20,1.47,0.45,28.66,26.53,50.51
Stope_005,2024-01-21,1.45,0.43,28.91,26.32,50.11
Stope_005,2024-01-22,1.59,0.56,29.95,26.29,50.25
Stope_005,2024-01-23,1.42,0.38,29.46,25.81,50.0
Stope_005,2024-01-24,1.51,0.46,30.23,25.64,50.48
Stope_005,2024-01-25,1.58,0.51,30.89,25.41,51.12
Stope_005,2024-01-26,1.48,0.4,30.72,24.92,51.64
Stope_005,2024-01-27,1.6,0.51,31.67,24.72,52.79
Stope_005,2024-01-28,1.51,0.41,31.53,24.19,53.66
Stope_005,2024-01-29,1.44,0.33,31.54,23.68,54.73
Stope_005,2024-01-30,1.65,0.53,32.94,23.55,56.47
Stope_005,2024-01-31,1.73,0.59,33.63,23.21,58.01
Stope_005,2024-02-01,2.03,0.88,35.46,23.18,60.05
Stope_005,2024-02-02,1.71,0.55,34.21,22.29,60.87
Stope_005,2024-02-03,1.68,0.51,34.39,21.81,62.24
Stope_005,2024-02-04,1.72,0.54,34.91,21.42,63.7
Stope_005,2024-02-05,1.64,0.45,34.86,20.89,64.84
Stope_005,2024-02-06,1.75,0.55,35.75,20.63,66.25
Stope_005,2024-02-07,1.8,0.59,36.33,20.31,67.38
Stope_005,2024-02-08,1.85,0.62,36.9,20.01,68.35
Stope_005,2024-02-09,1.97,0.73,37.83,19.83,69.28
Stope_005,2024-02-10,1.84,0.6,37.53,19.33,69.5
Stope_005,2024-02-11,1.96,0.71,38.48,19.22,70.02
Stope_005,2024-02-12,2.0,0.74,39.02,19.01,70.14
Stope_005,2024-02-13,1.9,0.62,38.83,18.65,69.75
Stope_005,2024-02-14,2.04,0.75,39.85,18.66,69.62
Stope_005,2024-02-15,2.13,0.83,40.67,18.66,69.2
Stope_005,2024-02-16,2.03,0.72,40.48,18.43,68.17
Stope_005,2024-02-17,1.93,0.6,40.29,18.22,66.96
Stope_005,2024-02-18,1.98,0.65,40.91,18.29,65.92
Stope_005,2024-02-19,2.05,0.71,41.59,18.42,64.75
Stope_005,2024-02-20,2.03,0.67,41.81,18.44,63.3
Stope_005,2024-02-21,2.03,0.66,42.14,18.55,61.82
Stope_005,2024-02-22,2.14,0.77,43.05,18.86,60.52
Stope_005,2024-02-23,2.1,0.71,43.16,18.97,58.88
Stope_005,2024-02-24,2.23,0.83,44.16,19.37,57.63
Stope_005,2024-02-25,2.32,0.91,44.92,19.74,56.33
Stope_005,2024-02-26,2.19,0.77,44.61,19.84,54.69
Stope_005,2024-02-27,2.16,0.73,44.8,20.1,53.38
Stope_005,2024-02-28,2.35,0.91,46.08,20.7,52.64
Stope_005,2024-02-29,2.28,0.83,46.09,20.95,51.55
Stope_005,2024-03-01,2.36,0.89,46.81,21.42,50.94
Stope_005,2024-03-02,2.33,0.85,46.96,21.74,50.31
Stope_005,2024-03-03,2.22,0.73,46.76,21.97,49.76
Stope_005,2024-03-04,2.34,0.84,47.7,22.53,49.88
Stope_005,2024-03-05,2.46,0.95,48.62,23.07,50.22
Stope_005,2024-03-06,2.45,0.93,48.92,23.44,50.54
Stope_005,2024-03-07,2.39,0.85,48.94,23.72,50.95
Stope_005,2024-03-08,2.6,1.06,50.35,24.38,52.12
Stope_005,2024-03-09,2.54,0.98,50.36,24.63,52.91
Stope_005,2024-03-10,2.57,1.0,50.83,24.99,54.05
Stope_005,2024-03-11,2.5,0.92,50.84,25.2,55.14
Stope_005,2024-03-12,2.52,0.93,51.26,25.49,56.49
Stope_005,2024-03-13,2.46,0.86,51.3,25.64,57.78
Stope_005,2024-03-14,2.92,1.31,53.94,26.49,60.14
Stope_005,2024-03-15,2.66,1.03,52.95,26.29,61.07
Stope_005,2024-03-16,2.62,0.98,53.08,26.36,62.42
Stope_005,2024-03-17,2.63,0.99,53.48,26.47,63.82
Stope_005,2024-03-18,2.7,1.04,54.15,26.63,65.24
Stope_005,2024-03-19,2.67,1.01,54.37,26.61,66.36
Stope_005,2024-03-20,2.81,1.13,55.37,26.76,67.65
Stope_005,2024-03-21,2.9,1.21,56.16,26.82,68.68
Stope_005,2024-03-22,2.88,1.18,56.38,26.67,69.3
Stope_005,2024-03-23,2.81,1.1,56.37,26.43,69.62
Stope_005,2024-03-24,2.82,1.09,56.74,26.25,69.87
Stope_005,2024-03-25,2.86,1.13,57.3,26.09,69.98
Stope_005,2024-03-26,2.79,1.04,57.27,25.71,69.63
Stope_005,2024-03-27,2.97,1.22,58.54,25.68,69.57
Stope_005,2024-03-28,2.8,1.03,57.98,25.1,68.58
Stope_005,2024-03-29,2.95,1.17,59.07,24.96,68.04
Stope_005,2024-03-30,2.96,1.18,59.49,24.6,67.06
Stope_006,2024-01-01,0.91,0.11,19.57,22.42,69.83
Stope_006,2024-01-02,1.0,0.19,20.34,22.93,69.84
Stope_006,2024-01-03,1.11,0.29,21.22,23.46,69.69
Stope_006,2024-01-04,0.99,0.16,20.96,23.66,68.86
Stope_006,2024-01-05,1.15,0.31,22.09,24.24,68.38
Stope_006,2024-01-06,0.96,0.1,21.45,24.31,67.01
Stope_006,2024-01-07,1.03,0.16,22.14,24.74,66.0
Stope_006,2024-01-08,1.0,0.13,22.35,25.01,64.67
Stope_006,2024-01-09,1.15,0.26,23.39,25.48,63.56
Stope_006,2024-01-10,1.25,0.35,24.27,25.86,62.3
Stope_006,2024-01-11,1.19,0.28,24.3,26.0,60.65
Stope_006,2024-01-12,1.24,0.32,24.85,26.24,59.19
Stope_006,2024-01-13,1.22,0.28,25.08,26.34,57.63
Stope_006,2024-01-14,1.5,0.55,26.83,26.83,56.72
Stope_006,2024-01-15,1.42,0.46,26.74,26.78,55.16
Stope_006,2024-01-16,1.28,0.31,26.38,26.61,53.6
Stope_006,2024-01-17,1.36,0.38,27.13,26.7,52.63
Stope_006,2024-01-18,1.3,0.31,27.16,26.56,51.54
Stope_006,2024-01-19,1.42,0.42,28.09,26.61,51.0
Stope_006,2024-01-20,1.46,0.45,28.64,26.53,50.5
Stope_006,2024-01-21,1.55,0.53,29.43,26.47,50.32
Stope_006,2024-01-22,1.49,0.46,29.47,26.17,50.06
Stope_006,2024-01-23,1.38,0.34,29.24,25.75,49.91
Stope_006,2024-01-24,1.43,0.38,29.83,25.53,50.32
Stope_006,2024-01-25,1.45,0.38,30.23,25.23,50.86
Stope_006,2024-01-26,1.66,0.58,31.63,25.17,52.0
Stope_006,2024-01-27,1.62,0.53,31.78,24.74,52.83
Stope_006,2024-01-28,1.58,0.48,31.9,24.29,53.81
Stope_006,2024-01-29,1.59,0.48,32.27,23.88,55.03
Stope_006,2024-01-30,1.57,0.45,32.52,23.43,56.31
Stope_006,2024-01-31,1.95,0.82,34.75,23.52,58.46
Stope_006,2024-02-01,1.58,0.43,33.21,22.56,59.15
Stope_006,2024-02-02,1.74,0.59,34.38,22.35,60.94
Stope_006,2024-02-03,1.66,0.49,34.3,21.78,62.21
Stope_006,2024-02-04,1.79,0.61,35.28,21.53,63.85
Stope_006,2024-02-05,1.92,0.73,36.25,21.28,65.4
Stope_006,2024-02-06,1.69,0.49,35.43,20.55,66.12
Stope_006,2024-02-07,1.9,0.69,36.84,20.45,67.59
Stope_006,2024-02-08,1.86,0.64,36.96,20.02,68.38
Stope_006,2024-02-09,1.92,0.68,37.58,19.76,69.18
Stope_006,2024-02-10,2.04,0.8,38.55,19.61,69.91
Stope_006,2024-02-11,1.89,0.64,38.13,19.12,69.88
Stope_006,2024-02-12,1.88,0.61,38.39,18.84,69.89
Stope_006,2024-02-13,2.07,0.79,39.7,18.9,70.1
Stope_006,2024-02-14,2.03,0.74,39.81,18.66,69.6
Stope_006,2024-02-15,2.17,0.87,40.86,18.72,69.28
Stope_006,2024-02-16,1.84,0.53,39.53,18.17,67.79
Stope_006,2024-02-17,2.2,0.88,41.67,18.61,67.52
Stope_006,2024-02-18,2.04,0.7,41.19,18.36,66.02
Stope_006,2024-02-19,2.08,0.74,41.76,18.46,64.82
Stope_006,2024-02-20,2.05,0.69,41.9,18.47,63.34
Stope_006,2024-02-21,2.26,0.89,43.31,18.87,62.28
Stope_006,2024-02-22,2.26,0.89,43.66,19.02,60.76
Stope_006,2024-02-23,2.31,0.92,44.2,19.26,59.3
Stope_006,2024-02-24,2.18,0.78,43.92,19.32,57.53
Stope_006,2024-02-25,2.35,0.94,45.1,19.8,56.41
Stope_006,2024-02-26,2.24,0.81,44.85,19.91,54.79
Stope_006,2024-02-27,2.24,0.81,45.2,20.22,53.53
Stope_006,2024-02-28,2.27,0.82,45.67,20.58,52.47
Stope_006,2024-02-29,2.28,0.82,46.04,20.94,51.54
Stope_006,2024-03-01,2.32,0.86,46.62,21.36,50.87
Stope_006,2024-03-02,2.32,0.85,46.95,21.74,50.31
Stope_006,2024-03-03,2.5,1.01,48.18,22.38,50.33
Stope_006,2024-03-04,2.35,0.85,47.77,22.54,49.91
Stope_006,2024-03-05,2.41,0.89,48.36,23.0,50.12
Stope_006,2024-03-06,2.48,0.96,49.06,23.48,50.59
Stope_006,2024-03-07,2.6,1.07,50.01,24.02,51.38
Stope_006,2024-03-08,2.56,1.02,50.16,24.33,52.04
Stope_006,2024-03-09,2.51,0.95,50.21,24.59,52.85
Stope_006,2024-03-10,2.52,0.95,50.58,24.92,53.95
Stope_006,2024-03-11,2.58,1.01,51.25,25.31,55.3
Stope_006,2024-03-12,2.52,0.93,51.28,25.49,56.5
Stope_006,2024-03-13,2.62,1.02,52.09,25.86,58.09
Stope_006,2024-03-14,2.83,1.22,53.49,26.36,59.96
Stope_006,2024-03-15,2.59,0.96,52.6,26.2,60.93
Stope_006,2024-03-16,2.69,1.06,53.44,26.47,62.56
Stope_006,2024-03-17,2.72,1.08,53.95,26.61,64.0
Stope_006,2024-03-18,2.95,1.3,55.44,26.99,65.75
Stope_006,2024-03-19,2.8,1.13,55.0,26.78,66.61
Stope_006,2024-03-20,2.83,1.15,55.46,26.79,67.68
Stope_006,2024-03-21,2.83,1.14,55.82,26.72,68.54
Stope_006,2024-03-22,2.77,1.07,55.86,26.53,69.09
Stope_006,2024-03-23,2.78,1.07,56.24,26.39,69.56
Stope_006,2024-03-24,2.94,1.22,57.37,26.42,70.13
Stope_006,2024-03-25,2.94,1.2,57.68,26.18,70.13
Stope_006,2024-03-26,2.88,1.14,57.74,25.85,69.82
Stope_006,2024-03-27,2.92,1.16,58.25,25.6,69.46
Stope_006,2024-03-28,2.99,1.22,58.95,25.37,68.96
Stope_006,2024-03-29,3.01,1.23,59.4,25.05,68.17
Stope_006,2024-03-30,2.9,1.11,59.15,24.51,66.92
Stope_007,2024-01-01,0.91,0.11,19.56,22.42,69.82
Stope_007,2024-01-02,0.96,0.15,20.14,22.87,69.77
Stope_007,2024-01-03,0.96,0.14,20.49,23.26,69.39
Stope_007,2024-01-04,1.1,0.26,21.49,23.82,69.07
Stope_007,2024-01-05,1.01,0.16,21.37,24.05,68.09
Stope_007,2024-01-06,1.18,0.32,22.57,24.63,67.46
Stope_007,2024-01-07,1.25,0.38,23.26,25.05,66.45
Stope_007,2024-01-08,1.23,0.35,23.47,25.31,65.12
Stope_007,2024-01-09,1.14,0.26,23.39,25.48,63.56
Stope_007,2024-01-10,1.16,0.26,23.81,25.74,62.11
Stope_007,2024-01-11,1.07,0.16,23.7,25.84,60.41
Stope_007,2024-01-12,1.13,0.21,24.33,26.09,58.99
Stope_007,2024-01-13,1.2,0.27,25.01,26.32,57.6
Stope_007,2024-01-14,1.25,0.31,25.6,26.49,56.23
Stope_007,2024-01-15,1.46,0.5,26.96,26.83,55.25
Stope_007,2024-01-16,1.43,0.46,27.13,26.81,53.9
Stope_007,2024-01-17,1.39,0.41,27.26,26.74,52.69
Stope_007,2024-01-18,1.37,0.38,27.5,26.64,51.68
Stope_007,2024-01-19,1.15,0.15,26.77,26.25,50.47
Stope_007,2024-01-20,1.42,0.4,28.41,26.46,50.41
Stope_007,2024-01-21,1.42,0.4,28.75,26.28,50.05
Stope_007,2024-01-22,1.55,0.52,29.77,26.25,50.17
Stope_007,2024-01-23,1.47,0.42,29.66,25.86,50.08
Stope_007,2024-01-24,1.39,0.34,29.62,25.48,50.23
Stope_007,2024-01-25,1.67,0.6,31.35,25.53,51.3
Stope_007,2024-01-26,1.63,0.56,31.5,25.13,51.95
Stope_007,2024-01-27,1.46,0.38,30.99,24.52,52.51
Stope_007,2024-01-28,1.6,0.5,31.99,24.31,53.84
Stope_007,2024-01-29,1.66,0.55,32.62,23.98,55.17
Stope_007,2024-01-30,1.64,0.51,32.85,23.52,56.44
Stope_007,2024-01-31,1.8,0.67,34.01,23.32,58.16
Stope_007,2024-02-01,1.5,0.36,32.84,22.46,59.0
Stope_007,2024-02-02,1.83,0.68,34.84,22.47,61.12
Stope_007,2024-02-03,1.77,0.6,34.85,21.93,62.43
Stope_007,2024-02-04,1.83,0.66,35.51,21.59,63.94
Stope_007,2024-02-05,1.74,0.55,35.38,21.03,65.05
Stope_007,2024-02-06,1.64,0.44,35.22,20.49,66.04
Stope_007,2024-02-07,1.9,0.69,36.85,20.45,67.59
Stope_007,2024-02-08,2.09,0.87,38.11,20.34,68.83
Stope_007,2024-02-09,1.74,0.51,36.7,19.51,68.82
Stope_007,2024-02-10,1.93,0.69,38.0,19.45,69.69
Stope_007,2024-02-11,1.93,0.68,38.33,19.18,69.96
Stope_007,2024-02-12,1.86,0.59,38.3,18.82,69.85
Stope_007,2024-02-13,2.06,0.78,39.63,18.89,70.07
Stope_007,2024-02-14,1.92,0.63,39.26,18.51,69.38
Stope_007,2024-02-15,1.97,0.67,39.86,18.44,68.87
Stope_007,2024-02-16,1.91,0.6,39.89,18.26,67.93
Stope_007,2024-02-17,1.82,0.5,39.76,18.07,66.75
Stope_007,2024-02-18,1.87,0.54,40.36,18.14,65.69
Stope_007,2024-02-19,2.32,0.97,42.93,18.78,65.29
Stope_007,2024-02-20,2.06,0.7,41.95,18.48,63.36
Stope_007,2024-02-21,2.3,0.93,43.51,18.93,62.36
Stope_007,2024-02-22,2.23,0.85,43.46,18.97,60.68
Stope_007,2024-02-23,2.31,0.92,44.21,19.26,59.3
Stope_007,2024-02-24,2.3,0.9,44.48,19.47,57.76
Stope_007,2024-02-25,2.19,0.78,44.3,19.56,56.08
Stope_007,2024-02-26,2.41,0.99,45.73,20.15,55.14
Stope_007,2024-02-27,2.48,1.05,46.39,20.55,54.01
Stope_007,2024-02-28,2.33,0.89,46.0,20.67,52.6
Stope_007,2024-02-29,2.5,1.04,47.16,21.25,51.98
Stope_007,2024-03-01,2.24,0.77,46.19,21.25,50.7
Stope_007,2024-03-02,2.35,0.87,47.09,21.78,50.37
Stope_007,2024-03-03,2.31,0.82,47.19,22.1,49.93
Stope_007,2024-03-04,2.49,0.99,48.44,22.74,50.18
Stope_007,2024-03-05,2.27,0.76,47.66,22.8,49.84
Stope_007,2024-03-06,2.44,0.92,48.86,23.43,50.51
Stope_007,2024-03-07,2.45,0.92,49.26,23.82,51.08
Stope_007,2024-03-08,2.36,0.81,49.12,24.04,51.63
Stope_007,2024-03-09,2.52,0.96,50.26,24.6,52.87
Stope_007,2024-03-10,2.49,0.93,50.47,24.9,53.9
Stope_007,2024-03-11,2.55,0.97,51.07,25.26,55.23
Stope_007,2024-03-12,2.57,0.98,51.53,25.56,56.6
Stope_007,2024-03-13,2.52,0.92,51.59,25.73,57.89
Stope_007,2024-03-14,2.64,1.03,52.53,26.1,59.58
Stope_007,2024-03-15,2.6,0.98,52.67,26.21,60.95
Stope_007,2024-03-16,2.69,1.05,53.43,26.46,62.56
Stope_007,2024-03-17,2.77,1.13,54.19,26.68,64.1
Stope_007,2024-03-18,2.72,1.07,54.28,26.67,65.29
Stope_007,2024-03-19,2.75,1.08,54.75,26.71,66.51
Stope_007,2024-03-20,2.78,1.1,55.23,26.72,67.59
Stope_007,2024-03-21,2.79,1.1,55.61,26.67,68.46
Stope_007,2024-03-22,2.63,0.93,55.15,26.34,68.81
Stope_007,2024-03-23,2.88,1.17,56.72,26.53,69.76
Stope_007,2024-03-24,2.92,1.2,57.26,26.39,70.08
Stope_007,2024-03-25,2.78,1.05,56.92,25.98,69.83
Stope_007,2024-03-26,2.71,0.97,56.89,25.62,69.48
Stope_007,2024-03-27,2.97,1.22,58.53,25.67,69.57
Stope_007,2024-03-28,2.99,1.22,58.96,25.38,68.97
Stope_007,2024-03-29,2.8,1.02,58.32,24.76,67.74
Stope_007,2024-03-30,2.74,0.95,58.37,24.3,66.61
Stope_008,2024-01-01,0.94,0.14,19.72,22.46,69.89
Stope_008,2024-01-02,1.05,0.24,20.57,22.98,69.94
Stope_008,2024-01-03,1.05,0.23,20.93,23.37,69.57
Stope_008,2024-01-04,1.27,0.44,22.37,24.05,69.42
Stope_008,2024-01-05,1.12,0.27,21.91,24.2,68.31
Stope_008,2024-01-06,1.11,0.26,22.24,24.54,67.32
Stope_008,2024-01-07,1.1,0.23,22.49,24.84,66.14
Stope_008,2024-01-08,1.21,0.33,23.39,25.3,65.09
Stope_008,2024-01-09,1.15,0.27,23.44,25.49,63.58
Stope_008,2024-01-10,1.29,0.39,24.45,25.92,62.37
Stope_008,2024-01-11,1.32,0.41,24.92,26.17,60.9
Stope_008,2024-01-12,1.21,0.28,24.7,26.2,59.13
Stope_008,2024-01-13,1.25,0.31,25.24,26.39,57.69
Stope_008,2024-01-14,1.25,0.31,25.61,26.5,56.23
Stope_008,2024-01-15,1.43,0.47,26.81,26.79,55.19
Stope_008,2024-01-16,1.34,0.38,26.71,26.7,53.74
Stope_008,2024-01-17,1.32,0.35,26.96,26.65,52.56
Stope_008,2024-01-18,1.22,0.23,26.76,26.45,51.38
Stope_008,2024-01-19,1.22,0.22,27.08,26.34,50.59
Stope_008,2024-01-20,1.56,0.55,29.15,26.67,50.7
Stope_008,2024-01-21,1.29,0.26,28.1,26.1,49.78
Stope_008,2024-01-22,1.45,0.42,29.25,26.1,49.97
Stope_008,2024-01-23,1.56,0.51,30.12,25.99,50.26
Stope_008,2024-01-24,1.54,0.49,30.38,25.68,50.53
Stope_008,2024-01-25,1.5,0.44,30.52,25.31,50.97
Stope_008,2024-01-26,1.71,0.64,31.9,25.24,52.11
Stope_008,2024-01-27,1.71,0.62,32.21,24.87,53.0
Stope_008,2024-01-28,1.55,0.45,31.76,24.24,53.75
Stope_008,2024-01-29,1.59,0.48,32.28,23.88,55.03
Stope_008,2024-01-30,1.59,0.47,32.63,23.47,56.35
Stope_008,2024-01-31,1.57,0.44,32.85,23.0,57.7
Stope_008,2024-02-01,1.58,0.44,33.26,22.57,59.17
Stope_008,2024-02-02,1.66,0.51,33.98,22.24,60.78
Stope_008,2024-02-03,1.61,0.45,34.07,21.72,62.11
Stope_008,2024-02-04,1.85,0.67,35.56,21.6,63.96
Stope_008,2024-02-05,1.79,0.6,35.63,21.1,65.15
Stope_008,2024-02-06,1.98,0.78,36.88,20.95,66.7
Stope_008,2024-02-07,1.89,0.68,36.79,20.44,67.57
Stope_008,2024-02-08,1.77,0.54,36.49,19.9,68.19
Stope_008,2024-02-09,1.92,0.69,37.62,19.76,69.19
Stope_008,2024-02-10,1.8,0.56,37.33,19.27,69.42
Stope_008,2024-02-11,1.91,0.65,38.21,19.14,69.91
Stope_008,2024-02-12,1.74,0.48,37.72,18.66,69.62
Stope_008,2024-02-13,2.02,0.74,39.41,18.82,69.98
Stope_008,2024-02-14,2.02,0.74,39.79,18.65,69.6
Stope_008,2024-02-15,1.98,0.68,39.92,18.46,68.9
Stope_008,2024-02-16,1.88,0.57,39.72,18.21,67.87
Stope_008,2024-02-17,1.91,0.58,40.2,18.19,66.93
Stope_008,2024-02-18,2.0,0.67,40.99,18.3,65.95
Stope_008,2024-02-19,1.95,0.61,41.1,18.28,64.56
Stope_008,2024-02-20,2.08,0.72,42.07,18.51,63.4
Stope_008,2024-02-21,2.27,0.9,43.34,18.89,62.3
Stope_008,2024-02-22,2.29,0.92,43.8,19.07,60.82
Stope_008,2024-02-23,1.99,0.6,42.61,18.82,58.66
Stope_008,2024-02-24,2.0,0.6,42.99,19.05,57.16
Stope_008,2024-02-25,2.15,0.74,44.1,19.51,56.0
Stope_008,2024-02-26,2.22,0.8,44.79,19.9,54.77
Stope_008,2024-02-27,2.16,0.73,44.8,20.1,53.37
Stope_008,2024-02-28,2.4,0.96,46.33,20.77,52.74
Stope_008,2024-02-29,2.19,0.73,45.62,20.82,51.37
Stope_008,2024-03-01,2.43,0.96,47.15,21.52,51.08
Stope_008,2024-03-02,2.37,0.89,47.17,21.81,50.4
Stope_008,2024-03-03,2.47,0.98,48.01,22.32,50.26
Stope_008,2024-03-04,2.48,0.98,48.4,22.72,50.17
Stope_008,2024-03-05,2.53,1.02,49.0,23.18,50.38
Stope_008,2024-03-06,2.44,0.92,48.86,23.43,50.51
Stope_008,2024-03-07,2.35,0.81,48.74,23.68,50.87
Stope_008,2024-03-08,2.51,0.96,49.88,24.24,51.93
Stope_008,2024-03-09,2.64,1.08,50.85,24.77,53.11
Stope_008,2024-03-10,2.54,0.97,50.68,24.95,53.99
Stope_008,2024-03-11,2.55,0.97,51.07,25.26,55.23
Stope_008,2024-03-12,2.52,0.93,51.26,25.49,56.49
Stope_008,2024-03-13,2.54,0.94,51.72,25.77,57.95
Stope_008,2024-03-14,2.66,1.05,52.63,26.13,59.62
Stope_008,2024-03-15,2.6,0.97,52.65,26.21,60.94
Stope_008,2024-03-16,2.69,1.06,53.47,26.47,62.57
Stope_008,2024-03-17,2.68,1.04,53.75,26.56,63.92
Stope_008,2024-03-18,2.69,1.04,54.13,26.63,65.23
Stope_008,2024-03-19,2.78,1.11,54.89,26.75,66.56
Stope_008,2024-03-20,2.76,1.08,55.13,26.7,67.55
Stope_008,2024-03-21,2.91,1.22,56.22,26.83,68.7
Stope_008,2024-03-22,2.71,1.01,55.55,26.45,68.97
Stope_008,2024-03-23,2.77,1.06,56.2,26.38,69.55
Stope_008,2024-03-24,2.79,1.06,56.59,26.21,69.81
Stope_008,2024-03-25,2.87,1.14,57.37,26.1,70.01
Stope_008,2024-03-26,2.81,1.07,57.38,25.75,69.67
Stope_008,2024-03-27,2.98,1.23,58.59,25.7,69.6
Stope_008,2024-03-28,2.96,1.19,58.8,25.34,68.91
Stope_008,2024-03-29,3.05,1.27,59.57,25.1,68.24
Stope_008,2024-03-30,2.96,1.18,59.49,24.6,67.06
Stope_009,2024-01-01,1.02,0.22,20.1,22.57,70.04
Stope_009,2024-01-02,1.02,0.21,20.41,22.94,69.88
Stope_009,2024-01-03,1.04,0.22,20.88,23.36,69.55
Stope_009,2024-01-04,1.05,0.22,21.24,23.75,68.97
Stope_009,2024-01-05,1.04,0.19,21.53,24.09,68.15
Stope_009,2024-01-06,1.13,0.27,22.3,24.55,67.35
Stope_009,2024-01-07,1.11,0.24,22.55,24.85,66.17
Stope_009,2024-01-08,1.13,0.25,22.99,25.19,64.93
Stope_009,2024-01-09,1.11,0.23,23.24,25.44,63.5
Stope_009,2024-01-10,1.16,0.26,23.81,25.74,62.11
Stope_009,2024-01-11,1.15,0.24,24.08,25.93,60.56
Stope_009,2024-01-12,1.2,0.28,24.66,26.18,59.12
Stope_009,2024-01-13,1.35,0.42,25.75,26.53,57.89
Stope_009,2024-01-14,1.32,0.38,25.93,26.58,56.36
Stope_009,2024-01-15,1.21,0.25,25.72,26.5,54.75
Stope_009,2024-01-16,1.31,0.34,26.55,26.65,53.67
Stope_009,2024-01-17,1.23,0.25,26.48,26.52,52.37
Stope_009,2024-01-18,1.44,0.45,27.85,26.74,51.82
Stope_009,2024-01-19,1.37,0.37,27.84,26.54,50.9
Stope_009,2024-01-20,1.39,0.37,28.26,26.42,50.35
Stope_009,2024-01-21,1.5,0.47,29.14,26.39,50.2
Stope_009,2024-01-22,1.47,0.44,29.34,26.13,50.0
Stope_009,2024-01-23,1.52,0.47,29.91,25.93,50.18
Stope_009,2024-01-24,1.49,0.44,30.14,25.62,50.44
Stope_009,2024-01-25,1.65,0.58,31.23,25.5,51.26
Stope_009,2024-01-26,1.56,0.49,31.15,25.03,51.81
Stope_009,2024-01-27,1.68,0.59,32.04,24.81,52.94
Stope_009,2024-01-28,1.75,0.65,32.75,24.52,54.15
Stope_009,2024-01-29,1.77,0.66,33.17,24.13,55.39
Stope_009,2024-01-30,1.62,0.5,32.79,23.51,56.41
Stope_009,2024-01-31,1.58,0.44,32.88,23.0,57.71
Stope_009,2024-02-01,1.65,0.5,33.56,22.65,59.29
Stope_009,2024-02-02,1.73,0.58,34.33,22.33,60.92
Stope_009,2024-02-03,1.87,0.71,35.37,22.08,62.63
Stope_009,2024-02-04,1.59,0.41,34.29,21.25,63.45
Stope_009,2024-02-05,1.65,0.46,34.9,20.91,64.86
Stope_009,2024-02-06,1.81,0.61,36.04,20.71,66.36
Stope_009,2024-02-07,1.68,0.47,35.74,20.15,67.15
Stope_009,2024-02-08,1.83,0.61,36.83,19.98,68.33
Stope_009,2024-02-09,1.97,0.74,37.85,19.83,69.28
Stope_009,2024-02-10,1.91,0.67,37.89,19.43,69.65
Stope_009,2024-02-11,1.93,0.67,38.31,19.16,69.95
Stope_009,2024-02-12,1.96,0.69,38.78,18.96,70.05
Stope_009,2024-02-13,2.07,0.79,39.66,18.89,70.08
Stope_009,2024-02-14,2.01,0.73,39.74,18.64,69.58
Stope_009,2024-02-15,1.91,0.61,39.53,18.35,68.74
Stope_009,2024-02-16,2.08,0.77,40.72,18.48,68.27
Stope_009,2024-02-17,1.96,0.64,40.48,18.28,67.04
Stope_009,2024-02-18,1.96,0.63,40.82,18.26,65.88
Stope_009,2024-02-19,2.01,0.67,41.41,18.36,64.68
Stope_009,2024-02-20,2.19,0.83,42.6,18.66,63.62
Stope_009,2024-02-21,2.09,0.72,42.43,18.64,61.93
Stope_009,2024-02-22,2.2,0.83,43.36,18.94,60.64
Stope_009,2024-02-23,2.05,0.66,42.92,18.91,58.79
Stope_009,2024-02-24,2.09,0.69,43.46,19.18,57.35
Stope_009,2024-02-25,2.26,0.85,44.65,19.66,56.22
Stope_009,2024-02-26,2.22,0.8,44.76,19.88,54.76
Stope_009,2024-02-27,2.2,0.76,44.98,20.16,53.45
Stope_009,2024-02-28,2.41,0.97,46.41,20.78,52.77
Stope_009,2024-02-29,2.2,0.74,45.65,20.82,51.38
Stope_009,2024-03-01,2.18,0.72,45.91,21.17,50.59
Stope_009,2024-03-02,2.3,0.82,46.83,21.71,50.26
Stope_009,2024-03-03,2.32,0.83,47.27,22.11,49.96
Stope_009,2024-03-04,2.34,0.84,47.68,22.53,49.87
Stope_009,2024-03-05,2.45,0.94,48.61,23.07,50.22
Stope_009,2024-03-06,2.52,0.99,49.25,23.54,50.67
Stope_009,2024-03-07,2.37,0.84,48.84,23.7,50.91
Stope_009,2024-03-08,2.52,0.98,49.94,24.27,51.96
Stope_009,2024-03-09,2.47,0.91,50.0,24.54,52.77
Stope_009,2024-03-10,2.49,0.92,50.43,24.88,53.89
Stope_009,2024-03-11,2.38,0.8,50.23,25.02,54.89
Stope_009,2024-03-12,2.66,1.07,51.96,25.68,56.77
Stope_009,2024-03-13,2.53,0.93,51.63,25.74,57.91
Stope_009,2024-03-14,2.66,1.05,52.65,26.13,59.63
Stope_009,2024-03-15,2.81,1.19,53.73,26.5,61.38
Stope_009,2024-03-16,2.55,0.91,52.73,26.27,62.28
Stope_009,2024-03-17,2.72,1.08,53.93,26.6,64.0
Stope_009,2024-03-18,2.79,1.14,54.63,26.76,65.43
Stope_009,2024-03-19,2.77,1.1,54.84,26.74,66.55
Stope_009,2024-03-20,2.77,1.09,55.18,26.71,67.57
Stope_009,2024-03-21,2.9,1.21,56.18,26.82,68.69
Stope_009,2024-03-22,2.87,1.17,56.37,26.67,69.29
Stope_009,2024-03-23,2.96,1.25,57.14,26.64,69.92
Stope_009,2024-03-24,2.77,1.05,56.53,26.2,69.79
Stope_009,2024-03-25,2.96,1.23,57.8,26.22,70.18
Stope_009,2024-03-26,2.96,1.21,58.13,25.96,69.97
Stope_009,2024-03-27,2.86,1.1,57.96,25.52,69.34
Stope_009,2024-03-28,2.84,1.08,58.21,25.17,68.67
Stope_009,2024-03-29,3.0,1.22,59.33,25.03,68.15
Stope_009,2024-03-30,2.74,0.95,58.36,24.29,66.61
Stope_010,2024-01-01,1.1,0.3,20.52,22.68,70.21
Stope_010,2024-01-02,0.88,0.06,19.71,22.75,69.6
Stope_010,2024-01-03,0.9,0.08,20.19,23.18,69.27
Stope_010,2024-01-04,1.0,0.16,20.98,23.68,68.86
Stope_010,2024-01-05,1.06,0.21,21.62,24.12,68.19
Stope_010,2024-01-06,1.08,0.22,22.05,24.48,67.25
Stope_010,2024-01-07,1.09,0.22,22.46,24.83,66.13
Stope_010,2024-01-08,1.16,0.28,23.11,25.21,64.98
Stope_010,2024-01-09,0.88,-0.01,22.07,25.12,63.03
Stope_010,2024-01-10,1.27,0.37,24.36,25.89,62.33
Stope_010,2024-01-11,1.29,0.37,24.76,26.13,60.83
Stope_010,2024-01-12,1.22,0.3,24.79,26.21,59.17
Stope_010,2024-01-13,1.19,0.26,24.97,26.31,57.58
Stope_010,2024-01-14,1.33,0.39,26.0,26.61,56.39
Stope_010,2024-01-15,1.37,0.41,26.51,26.71,55.07
Stope_010,2024-01-16,1.35,0.39,26.77,26.71,53.76
Stope_010,2024-01-17,1.49,0.51,27.76,26.88,52.89
Stope_010,2024-01-18,1.31,0.32,27.22,26.57,51.56
Stope_010,2024-01-19,1.25,0.25,27.23,26.38,50.65
Stope_010,2024-01-20,1.49,0.48,28.79,26.57,50.56
Stope_010,2024-01-21,1.54,0.52,29.38,26.46,50.3
Stope_010,2024-01-22,1.43,0.39,29.14,26.07,49.92
Stope_010,2024-01-23,1.31,0.26,28.86,25.64,49.76
Stope_010,2024-01-24,1.55,0.49,30.41,25.7,50.55
Stope_010,2024-01-25,1.54,0.48,30.72,25.37,51.05
Stope_010,2024-01-26,1.47,0.39,30.66,24.91,51.62
Stope_010,2024-01-27,1.68,0.59,32.06,24.83,52.94
Stope_010,2024-01-28,1.7,0.6,32.5,24.45,54.05
Stope_010,2024-01-29,1.68,0.57,32.72,24.01,55.21
Stope_010,2024-01-30,1.62,0.5,32.77,23.5,56.41
Stope_010,2024-01-31,1.64,0.51,33.22,23.1,57.85
Stope_010,2024-02-01,1.61,0.46,33.38,22.6,59.22
Stope_010,2024-02-02,1.63,0.48,33.83,22.2,60.72
Stope_010,2024-02-03,1.81,0.64,35.03,21.99,62.5
Stope_010,2024-02-04,1.66,0.48,34.64,21.35,63.59
Stope_010,2024-02-05,1.66,0.47,34.95,20.92,64.88
Stope_010,2024-02-06,1.88,0.68,36.38,20.81,66.5
Stope_010,2024-02-07,1.81,0.59,36.36,20.31,67.4
Stope_010,2024-02-08,1.9,0.68,37.18,20.08,68.46
Stope_010,2024-02-09,1.92,0.69,37.6,19.76,69.18
Stope_010,2024-02-10,1.82,0.57,37.41,19.3,69.46
Stope_010,2024-02-11,2.08,0.82,39.05,19.37,70.24
Stope_010,2024-02-12,1.95,0.68,38.75,18.94,70.03
Stope_010,2024-02-13,2.06,0.78,39.64,18.89,70.07
Stope_010,2024-02-14,1.86,0.57,38.97,18.43,69.27
Stope_010,2024-02-15,1.93,0.63,39.65,18.39,68.79
Stope_010,2024-02-16,2.02,0.71,40.42,18.4,68.15
Stope_010,2024-02-17,1.76,0.44,39.49,18.0,66.64
Stope_010,2024-02-18,2.04,0.7,41.18,18.36,66.02
Stope_010,2024-02-19,1.98,0.64,41.26,18.32,64.62
Stope_010,2024-02-20,2.12,0.76,42.26,18.57,63.48
Stope_010,2024-02-21,2.11,0.75,42.57,18.66,61.99
Stope_010,2024-02-22,2.12,0.74,42.91,18.82,60.46
Stope_010,2024-02-23,2.17,0.78,43.52,19.08,59.03
Stope_010,2024-02-24,2.13,0.73,43.65,19.23,57.42
Stope_010,2024-02-25,2.18,0.77,44.22,19.55,56.05
Stope_010,2024-02-26,2.21,0.79,44.71,19.87,54.73
Stope_010,2024-02-27,2.15,0.72,44.77,20.09,53.36
Stope_010,2024-02-28,2.21,0.77,45.41,20.51,52.36
Stope_010,2024-02-29,2.45,0.99,46.9,21.17,51.88
Stope_010,2024-03-01,2.29,0.82,46.45,21.32,50.8
Stope_010,2024-03-02,2.41,0.94,47.4,21.86,50.49
Stope_010,2024-03-03,2.33,0.84,47.31,22.13,49.98
Stope_010,2024-03-04,2.5,1.0,48.52,22.75,50.21
Stope_010,2024-03-05,2.45,0.94,48.58,23.07,50.21
Stope_010,2024-03-06,2.42,0.9,48.77,23.4,50.48
Stope_010,2024-03-07,2.5,0.97,49.5,23.88,51.17
Stope_010,2024-03-08,2.62,1.08,50.44,24.41,52.16
Stope_010,2024-03-09,2.53,0.97,50.3,24.62,52.89
Stope_010,2024-03-10,2.51,0.94,50.53,24.91,53.93
Stope_010,2024-03-11,2.74,1.16,52.02,25.52,55.61
Stope_010,2024-03-12,2.69,1.1,52.1,25.73,56.83
Stope_010,2024-03-13,2.58,0.98,51.88,25.81,58.01
Stope_010,2024-03-14,2.66,1.05,52.64,26.13,59.62
Stope_010,2024-03-15,2.56,0.94,52.47,26.16,60.87
Stope_010,2024-03-16,2.62,0.99,53.1,26.38,62.42
Stope_010,2024-03-17,2.63,0.98,53.46,26.47,63.81
Stope_010,2024-03-18,2.81,1.15,54.7,26.78,65.46
Stope_010,2024-03-19,2.73,1.07,54.67,26.7,66.48
Stope_010,2024-03-20,2.96,1.28,56.14,26.97,67.95
Stope_010,2024-03-21,2.9,1.21,56.17,26.82,68.68
Stope_010,2024-03-22,2.82,1.12,56.1,26.6,69.19
Stope_010,2024-03-23,2.86,1.15,56.64,26.5,69.73
Stope_010,2024-03-24,2.9,1.17,57.14,26.36,70.03
Stope_010,2024-03-25,2.95,1.22,57.76,26.21,70.17
Stope_010,2024-03-26,3.02,1.27,58.43,26.04,70.09
Stope_010,2024-03-27,2.96,1.2,58.47,25.66,69.55
Stope_010,2024-03-28,3.06,1.3,59.32,25.48,69.11
Stope_010,2024-03-29,2.86,1.08,58.61,24.83,67.86
Stope_010,2024-03-30,2.76,0.97,58.46,24.31,66.64
Stope_011,2024-01-01,1.07,0.27,20.37,22.64,70.15
Stope_011,2024-01-02,1.16,0.35,21.14,23.15,70.16
Stope_011,2024-01-03,1.06,0.24,20.99,23.4,69.59
Stope_011,2024-01-04,1.15,0.32,21.77,23.88,69.18
Stope_011,2024-01-05,1.24,0.4,22.55,24.37,68.56
Stope_011,2024-01-06,1.02,0.17,21.77,24.41,67.14
Stope_011,2024-01-07,1.06,0.19,22.3,24.78,66.07
Stope_011,2024-01-08,1.19,0.31,23.27,25.26,65.04
Stope_011,2024-01-09,1.1,0.21,23.16,25.41,63.46
Stope_011,2024-01-10,1.13,0.23,23.65,25.7,62.05
Stope_011,2024-01-11,1.36,0.45,25.13,26.22,60.98
Stope_011,2024-01-12,1.44,0.52,25.86,26.52,59.6
Stope_011,2024-01-13,1.43,0.49,26.13,26.63,58.05
Stope_011,2024-01-14,1.24,0.3,25.54,26.47,56.2
Stope_011,2024-01-15,1.53,0.58,27.33,26.94,55.4
Stope_011,2024-01-16,1.34,0.38,26.72,26.7,53.74
Stope_011,2024-01-17,1.38,0.4,27.21,26.72,52.67
Stope_011,2024-01-18,1.18,0.19,26.57,26.39,51.31
Stope_011,2024-01-19,1.31,0.31,27.57,26.47,50.79
Stope_011,2024-01-20,1.43,0.41,28.46,26.47,50.43
Stope_011,2024-01-21,1.44,0.42,28.88,26.32,50.1
Stope_011,2024-01-22,1.36,0.32,28.78,25.98,49.78
Stope_011,2024-01-23,1.56,0.51,30.12,25.99,50.26
Stope_011,2024-01-24,1.63,0.57,30.81,25.8,50.71
Stope_011,2024-01-25,1.55,0.48,30.75,25.37,51.07
Stope_011,2024-01-26,1.52,0.45,30.95,24.98,51.73
Stope_011,2024-01-27,1.51,0.42,31.21,24.59,52.6
Stope_011,2024-01-28,1.45,0.35,31.23,24.11,53.54
Stope_011,2024-01-29,1.77,0.65,33.16,24.13,55.38
Stope_011,2024-01-30,1.61,0.48,32.69,23.48,56.38
Stope_011,2024-01-31,1.65,0.51,33.23,23.1,57.85
Stope_011,2024-02-01,1.72,0.57,33.93,22.75,59.44
Stope_011,2024-02-02,1.62,0.47,33.78,22.18,60.7
Stope_011,2024-02-03,1.75,0.59,34.76,21.92,62.39
Stope_011,2024-02-04,1.74,0.56,35.02,21.46,63.74
Stope_011,2024-02-05,1.95,0.76,36.41,21.32,65.46
Stope_011,2024-02-06,1.69,0.49,35.47,20.56,66.14
Stope_011,2024-02-07,1.81,0.6,36.38,20.33,67.4
Stope_011,2024-02-08,1.89,0.67,37.13,20.06,68.44
Stope_011,2024-02-09,1.87,0.63,37.34,19.69,69.08
Stope_011,2024-02-10,1.9,0.65,37.81,19.41,69.62
Stope_011,2024-02-11,2.03,0.77,38.79,19.3,70.14
Stope_011,2024-02-12,1.93,0.66,38.65,18.91,69.99
Stope_011,2024-02-13,1.83,0.56,38.51,18.57,69.62
Stope_011,2024-02-14,1.84,0.55,38.88,18.4,69.23
Stope_011,2024-02-15,1.91,0.61,39.55,18.36,68.75
Stope_011,2024-02-16,2.07,0.76,40.68,18.48,68.25
Stope_011,2024-02-17,1.93,0.6,40.29,18.22,66.96
Stope_011,2024-02-18,2.21,0.87,42.04,18.6,66.37
Stope_011,2024-02-19,2.01,0.66,41.38,18.35,64.67
Stope_011,2024-02-20,2.28,0.92,43.06,18.79,63.8
Stope_011,2024-02-21,2.09,0.72,42.44,18.64,61.93
Stope_011,2024-02-22,2.25,0.87,43.59,19.0,60.73
Stope_011,2024-02-23,2.15,0.76,43.39,19.04,58.98
Stope_011,2024-02-24,2.15,0.75,43.77,19.27,57.47
Stope_011,2024-02-25,2.07,0.66,43.7,19.41,55.85
Stope_011,2024-02-26,2.12,0.7,44.29,19.76,54.57
Stope_011,2024-02-27,2.23,0.8,45.15,20.2,53.52
Stope_011,2024-02-28,2.34,0.9,46.03,20.69,52.62
Stope_011,2024-02-29,2.14,0.69,45.39,20.76,51.27
Stope_011,2024-03-01,2.46,0.99,47.31,21.56,51.14
Stope_011,2024-03-02,2.2,0.72,46.31,21.56,50.06
Stope_011,2024-03-03,2.51,1.03,48.24,22.39,50.35
Stope_011,2024-03-04,2.41,0.91,48.07,22.64,50.03
Stope_011,2024-03-05,2.58,1.07,49.24,23.25,50.47
Stope_011,2024-03-06,2.23,0.71,47.82,23.14,50.1
Stope_011,2024-03-07,2.33,0.8,48.66,23.65,50.84
Stope_011,2024-03-08,2.5,0.96,49.83,24.24,51.91
Stope_011,2024-03-09,2.52,0.96,50.24,24.6,52.87
Stope_011,2024-03-10,2.41,0.85,50.07,24.78,53.74
Stope_011,2024-03-11,2.54,0.96,51.01,25.24,55.2
Stope_011,2024-03-12,2.65,1.06,51.91,25.67,56.76
Stope_011,2024-03-13,2.74,1.14,52.68,26.03,58.33
Stope_011,2024-03-14,2.67,1.06,52.68,26.14,59.64
Stope_011,2024-03-15,2.61,0.99,52.71,26.22,60.97
Stope_011,2024-03-16,2.61,0.97,53.03,26.35,62.39
Stope_011,2024-03-17,2.82,1.18,54.43,26.75,64.2
Stope_011,2024-03-18,2.52,0.87,53.27,26.38,64.89
Stope_011,2024-03-19,2.75,1.08,54.76,26.71,66.51
Stope_011,2024-03-20,2.86,1.18,55.63,26.83,67.75
Stope_011,2024-03-21,2.72,1.03,55.27,26.57,68.33
Stope_011,2024-03-22,2.84,1.14,56.18,26.63,69.22
Stope_011,2024-03-23,2.79,1.08,56.31,26.4,69.59
Stope_011,2024-03-24,2.76,1.04,56.46,26.17,69.76
Stope_011,2024-03-25,2.82,1.09,57.12,26.03,69.91
Stope_011,2024-03-26,3.03,1.28,58.48,26.06,70.11
Stope_011,2024-03-27,2.89,1.13,58.09,25.56,69.4
Stope_011,2024-03-28,2.98,1.21,58.91,25.37,68.95
Stope_011,2024-03-29,3.07,1.29,59.69,25.13,68.29
Stope_011,2024-03-30,3.22,1.44,60.79,24.96,67.58
Stope_012,2024-01-01,1.05,0.25,20.26,22.61,70.1
Stope_012,2024-01-02,1.04,0.23,20.51,22.97,69.92
Stope_012,2024-01-03,0.98,0.16,20.58,23.28,69.43
Stope_012,2024-01-04,1.19,0.36,21.97,23.94,69.26
Stope_012,2024-01-05,1.07,0.23,21.7,24.13,68.22
Stope_012,2024-01-06,1.06,0.2,21.94,24.45,67.2
Stope_012,2024-01-07,1.29,0.42,23.46,25.1,66.53
Stope_012,2024-01-08,1.12,0.25,22.95,25.17,64.91
Stope_012,2024-01-09,1.15,0.26,23.42,25.48,63.57
Stope_012,2024-01-10,1.34,0.44,24.72,25.99,62.48
Stope_012,2024-01-11,1.14,0.23,24.05,25.93,60.55
Stope_012,2024-01-12,1.36,0.44,25.47,26.4,59.44
Stope_012,2024-01-13,1.3,0.37,25.52,26.46,57.8
Stope_012,2024-01-14,1.22,0.28,25.45,26.46,56.17
Stope_012,2024-01-15,1.48,0.52,27.05,26.86,55.28
Stope_012,2024-01-16,1.28,0.31,26.38,26.61,53.6
Stope_012,2024-01-17,1.46,0.49,27.65,26.85,52.84
Stope_012,2024-01-18,1.4,0.41,27.66,26.7,51.74
Stope_012,2024-01-19,1.41,0.41,28.03,26.6,50.97
Stope_012,2024-01-20,1.36,0.34,28.11,26.38,50.29
Stope_012,2024-01-21,1.32,0.3,28.26,26.14,49.85
Stope_012,2024-01-22,1.44,0.41,29.22,26.1,49.95
Stope_012,2024-01-23,1.53,0.49,30.0,25.96,50.21
Stope_012,2024-01-24,1.45,0.4,29.94,25.56,50.36
Stope_012,2024-01-25,1.62,0.55,31.09,25.46,51.2
Stope_012,2024-01-26,1.5,0.43,30.85,24.95,51.69
Stope_012,2024-01-27,1.55,0.46,31.43,24.65,52.69
Stope_012,2024-01-28,1.57,0.47,31.87,24.29,53.8
Stope_012,2024-01-29,1.65,0.54,32.6,23.98,55.16
Stope_012,2024-01-30,1.75,0.63,33.43,23.69,56.67
Stope_012,2024-01-31,1.64,0.51,33.2,23.1,57.84
Stope_012,2024-02-01,1.67,0.52,33.67,22.68,59.33
Stope_012,2024-02-02,1.57,0.42,33.52,22.1,60.6
Stope_012,2024-02-03,1.76,0.59,34.79,21.92,62.41
Stope_012,2024-02-04,1.64,0.46,34.54,21.32,63.55
Stope_012,2024-02-05,1.85,0.66,35.9,21.18,65.26
Stope_012,2024-02-06,1.65,0.45,35.26,20.51,66.05
Stope_012,2024-02-07,1.9,0.69,36.86,20.45,67.59
Stope_012,2024-02-08,1.98,0.76,37.56,20.19,68.62
Stope_012,2024-02-09,2.01,0.77,38.03,19.88,69.35
Stope_012,2024-02-10,1.95,0.71,38.11,19.5,69.73
Stope_012,2024-02-11,1.85,0.6,37.94,19.07,69.8
Stope_012,2024-02-12,2.04,0.77,39.2,19.07,70.21
Stope_012,2024-02-13,1.87,0.6,38.71,18.62,69.7
Stope_012,2024-02-14,2.03,0.75,39.84,18.66,69.62
Stope_012,2024-02-15,2.04,0.74,40.19,18.54,69.01
Stope_012,2024-02-16,2.04,0.73,40.55,18.44,68.2
Stope_012,2024-02-17,2.15,0.82,41.4,18.53,67.4
Stope_012,2024-02-18,2.04,0.7,41.19,18.36,66.03
Stope_012,2024-02-19,2.05,0.7,41.56,18.4,64.74
Stope_012,2024-02-20,2.03,0.68,41.83,18.44,63.31
Stope_012,2024-02-21,2.28,0.91,43.39,18.9,62.31
Stope_012,2024-02-22,2.24,0.86,43.51,18.98,60.7
Stope_012,2024-02-23,2.29,0.9,44.11,19.23,59.26
Stope_012,2024-02-24,2.28,0.88,44.4,19.44,57.72
Stope_012,2024-02-25,2.23,0.82,44.48,19.62,56.16
Stope_012,2024-02-26,2.42,1.0,45.78,20.16,55.16
Stope_012,2024-02-27,2.09,0.66,44.46,20.01,53.24
Stope_012,2024-02-28,2.34,0.9,46.04,20.69,52.62
Stope_012,2024-02-29,2.14,0.68,45.35,20.74,51.26
Stope_012,2024-03-01,2.4,0.93,46.98,21.46,51.01
Stope_012,2024-03-02,2.37,0.89,47.18,21.81,50.4
Stope_012,2024-03-03,2.58,1.09,48.58,22.49,50.49
Stope_012,2024-03-04,2.34,0.84,47.72,22.53,49.89
Stope_012,2024-03-05,2.46,0.95,48.63,23.08,50.23
Stope_012,2024-03-06,2.36,0.84,48.46,23.32,50.35
Stope_012,2024-03-07,2.5,0.96,49.49,23.88,51.17
Stope_012,2024-03-08,2.57,1.03,50.18,24.34,52.05
Stope_012,2024-03-09,2.53,0.97,50.32,24.62,52.9
Stope_012,2024-03-10,2.5,0.93,50.5,24.9,53.92
Stope_012,2024-03-11,2.56,0.98,51.13,25.27,55.25
Stope_012,2024-03-12,2.52,0.93,51.28,25.49,56.5
Stope_012,2024-03-13,2.48,0.88,51.4,25.67,57.82
Stope_012,2024-03-14,2.58,0.97,52.24,26.02,59.46
Stope_012,2024-03-15,2.74,1.12,53.39,26.42,61.24
Stope_012,2024-03-16,2.56,0.92,52.78,26.28,62.3
Stope_012,2024-03-17,2.85,1.2,54.57,26.78,64.25
Stope_012,2024-03-18,2.65,1.0,53.93,26.57,65.15
Stope_012,2024-03-19,2.82,1.15,55.09,26.81,66.64
Stope_012,2024-03-20,2.85,1.17,55.59,26.82,67.73
Stope_012,2024-03-21,2.7,1.01,55.17,26.54,68.28
Stope_012,2024-03-22,2.91,1.21,56.56,26.72,69.37
Stope_012,2024-03-23,2.81,1.1,56.38,26.43,69.62
Stope_012,2024-03-24,2.7,0.98,56.19,26.1,69.65
Stope_012,2024-03-25,2.99,1.26,57.95,26.27,70.24
Stope_012,2024-03-26,2.85,1.1,57.57,25.8,69.75
Stope_012,2024-03-27,2.77,1.01,57.5,25.39,69.16
Stope_012,2024-03-28,2.97,1.2,58.84,25.34,68.92
Stope_012,2024-03-29,2.91,1.14,58.91,24.91,67.98
Stope_012,2024-03-30,2.82,1.03,58.77,24.41,66.77
Stope_013,2024-01-01,0.98,0.18,19.88,22.51,69.95
Stope_013,2024-01-02,1.04,0.23,20.53,22.98,69.92
Stope_013,2024-01-03,0.85,0.03,19.92,23.1,69.17
Stope_013,2024-01-04,1.15,0.32,21.77,23.88,69.18
Stope_013,2024-01-05,1.11,0.27,21.89,24.19,68.3
Stope_013,2024-01-06,1.25,0.4,22.94,24.73,67.6
Stope_013,2024-01-07,1.13,0.26,22.63,24.88,66.2
Stope_013,2024-01-08,1.2,0.32,23.32,25.27,65.06
Stope_013,2024-01-09,1.14,0.25,23.36,25.46,63.55
Stope_013,2024-01-10,1.26,0.36,24.29,25.88,62.31
Stope_013,2024-01-11,1.19,0.28,24.28,25.99,60.64
Stope_013,2024-01-12,1.23,0.31,24.84,26.22,59.19
Stope_013,2024-01-13,1.26,0.33,25.3,26.4,57.72
Stope_013,2024-01-14,1.29,0.35,25.78,26.54,56.3
Stope_013,2024-01-15,1.31,0.35,26.21,26.63,54.95
Stope_013,2024-01-16,1.39,0.42,26.94,26.76,53.83
Stope_013,2024-01-17,1.55,0.57,28.07,26.96,53.01
Stope_013,2024-01-18,1.62,0.63,28.76,27.0,52.18
Stope_013,2024-01-19,1.42,0.42,28.09,26.61,50.99
Stope_013,2024-01-20,1.49,0.48,28.78,26.57,50.55
Stope_013,2024-01-21,1.4,0.38,28.66,26.25,50.01
Stope_013,2024-01-22,1.45,0.42,29.25,26.1,49.97
Stope_013,2024-01-23,1.42,0.38,29.46,25.81,50.0
Stope_013,2024-01-24,1.64,0.59,30.88,25.82,50.73
Stope_013,2024-01-25,1.55,0.48,30.74,25.37,51.06
Stope_013,2024-01-26,1.6,0.52,31.32,25.09,51.88
Stope_013,2024-01-27,1.72,0.63,32.25,24.87,53.02
Stope_013,2024-01-28,1.5,0.4,31.5,24.18,53.65
Stope_013,2024-01-29,1.44,0.33,31.52,23.68,54.73
Stope_013,2024-01-30,1.55,0.43,32.44,23.41,56.28
Stope_013,2024-01-31,1.66,0.53,33.29,23.12,57.88
Stope_013,2024-02-01,1.64,0.5,33.55,22.65,59.29
Stope_013,2024-02-02,1.65,0.5,33.92,22.22,60.76
Stope_013,2024-02-03,1.72,0.56,34.62,21.88,62.33
Stope_013,2024-02-04,1.74,0.56,35.04,21.46,63.75
Stope_013,2024-02-05,1.9,0.71,36.17,21.25,65.37
Stope_013,2024-02-06,1.77,0.57,35.84,20.66,66.28
Stope_013,2024-02-07,1.87,0.66,36.7,20.41,67.53
Stope_013,2024-02-08,1.97,0.74,37.49,20.17,68.59
Stope_013,2024-02-09,1.79,0.55,36.94,19.58,68.92
Stope_013,2024-02-10,2.03,0.79,38.48,19.59,69.88
Stope_013,2024-02-11,1.99,0.74,38.62,19.26,70.07
Stope_013,2024-02-12,1.9,0.63,38.48,18.87,69.93
Stope_013,2024-02-13,2.01,0.73,39.37,18.8,69.96
Stope_013,2024-02-14,1.87,0.58,39.02,18.44,69.29
Stope_013,2024-02-15,1.88,0.58,39.4,18.32,68.69
Stope_013,2024-02-16,1.83,0.52,39.49,18.15,67.78
Stope_013,2024-02-17,2.05,0.73,40.9,18.39,67.21
Stope_013,2024-02-18,1.98,0.65,40.9,18.28,65.91
Stope_013,2024-02-19,2.13,0.79,42.0,18.53,64.92
Stope_013,2024-02-20,2.06,0.7,41.96,18.48,63.36
Stope_013,2024-02-21,2.05,0.68,42.26,18.58,61.86
Stope_013,2024-02-22,2.27,0.89,43.67,19.02,60.76
Stope_013,2024-02-23,2.21,0.82,43.7,19.12,59.1
Stope_013,2024-02-24,2.29,0.89,44.44,19.45,57.74
Stope_013,2024-02-25,2.21,0.8,44.4,19.61,56.13
Stope_013,2024-02-26,2.19,0.77,44.6,19.84,54.69
Stope_013,2024-02-27,2.35,0.92,45.76,20.37,53.76
Stope_013,2024-02-28,2.04,0.59,44.52,20.26,52.01
Stope_013,2024-02-29,2.16,0.71,45.47,20.78,51.31
Stope_013,2024-03-01,2.17,0.7,45.83,21.14,50.55
Stope_013,2024-03-02,2.33,0.85,46.99,21.75,50.33
Stope_013,2024-03-03,2.21,0.72,46.69,21.96,49.73
Stope_013,2024-03-04,2.4,0.9,48.0,22.61,50.0
Stope_013,2024-03-05,2.51,0.99,48.86,23.14,50.32
Stope_013,2024-03-06,2.53,1.01,49.33,23.55,50.7
Stope_013,2024-03-07,2.38,0.85,48.91,23.72,50.94
Stope_013,2024-03-08,2.36,0.81,49.11,24.04,51.63
Stope_013,2024-03-09,2.48,0.92,50.07,24.55,52.79
Stope_013,2024-03-10,2.46,0.89,50.28,24.84,53.83
Stope_013,2024-03-11,2.35,0.77,50.08,24.98,54.83
Stope_013,2024-03-12,2.6,1.01,51.66,25.6,56.65
Stope_013,2024-03-13,2.69,1.09,52.44,25.96,58.23
Stope_013,2024-03-14,2.58,0.96,52.21,26.0,59.45
Stope_013,2024-03-15,2.7,1.08,53.17,26.35,61.16
Stope_013,2024-03-16,2.82,1.19,54.12,26.65,62.83
Stope_013,2024-03-17,2.71,1.06,53.86,26.58,63.97
Stope_013,2024-03-18,2.59,0.94,53.63,26.49,65.03
Stope_013,2024-03-19,2.66,0.99,54.29,26.58,66.33
Stope_013,2024-03-20,2.76,1.08,55.14,26.7,67.55
Stope_013,2024-03-21,2.9,1.21,56.16,26.82,68.68
Stope_013,2024-03-22,2.87,1.17,56.36,26.67,69.29
Stope_013,2024-03-23,2.81,1.1,56.37,26.43,69.62
Stope_013,2024-03-24,3.02,1.3,57.79,26.54,70.29
Stope_013,2024-03-25,2.81,1.07,57.03,26.0,69.87
Stope_013,2024-03-26,3.03,1.29,58.49,26.06,70.12
Stope_013,2024-03-27,3.03,1.27,58.82,25.75,69.69
Stope_013,2024-03-28,3.2,1.43,59.98,25.66,69.38
Stope_013,2024-03-29,3.02,1.24,59.43,25.06,68.19
Stope_013,2024-03-30,3.03,1.24,59.8,24.69,67.18
Stope_014,2024-01-01,0.87,0.07,19.35,22.36,69.74
Stope_014,2024-01-02,0.98,0.17,20.23,22.9,69.8
Stope_014,2024-01-03,0.97,0.15,20.5,23.26,69.4
Stope_014,2024-01-04,0.97,0.14,20.85,23.64,68.81
Stope_014,2024-01-05,1.02,0.18,21.44,24.06,68.12
Stope_014,2024-01-06,1.2,0.35,22.67,24.66,67.5
Stope_014,2024-01-07,0.99,0.12,21.93,24.69,65.92
Stope_014,2024-01-08,1.08,0.2,22.74,25.12,64.83
Stope_014,2024-01-09,1.27,0.38,24.01,25.64,63.8
Stope_014,2024-01-10,1.05,0.15,23.25,25.59,61.89
Stope_014,2024-01-11,1.18,0.27,24.23,25.98,60.62
Stope_014,2024-01-12,1.22,0.29,24.75,26.21,59.15
Stope_014,2024-01-13,1.08,0.15,24.41,26.16,57.36
Stope_014,2024-01-14,1.25,0.3,25.57,26.49,56.22
Stope_014,2024-01-15,1.24,0.29,25.88,26.54,54.81
Stope_014,2024-01-16,1.24,0.27,26.21,26.56,53.53
Stope_014,2024-01-17,1.48,0.5,27.71,26.86,52.87
Stope_014,2024-01-18,1.3,0.31,27.18,26.56,51.55
Stope_014,2024-01-19,1.26,0.26,27.32,26.4,50.69
Stope_014,2024-01-20,1.48,0.47,28.75,26.56,50.54
Stope_014,2024-01-21,1.33,0.31,28.32,26.16,49.87
Stope_014,2024-01-22,1.56,0.52,29.79,26.25,50.18
Stope_014,2024-01-23,1.47,0.43,29.7,25.88,50.09
Stope_014,2024-01-24,1.57,0.52,30.53,25.73,50.6
Stope_014,2024-01-25,1.45,0.38,30.24,25.23,50.86
Stope_014,2024-01-26,1.4,0.32,30.33,24.81,51.48
Stope_014,2024-01-27,1.68,0.59,32.08,24.83,52.95
Stope_014,2024-01-28,1.78,0.68,32.9,24.56,54.21
Stope_014,2024-01-29,1.54,0.43,32.03,23.82,54.93
Stope_014,2024-01-30,1.63,0.51,32.82,23.51,56.43
Stope_014,2024-01-31,1.93,0.8,34.65,23.5,58.42
Stope_014,2024-02-01,1.71,0.56,33.87,22.74,59.41
Stope_014,2024-02-02,1.64,0.48,33.87,22.2,60.73
Stope_014,2024-02-03,1.87,0.7,35.35,22.07,62.63
Stope_014,2024-02-04,1.8,0.62,35.35,21.54,63.87
Stope_014,2024-02-05,1.81,0.62,35.73,21.13,65.19
Stope_014,2024-02-06,1.79,0.59,35.96,20.7,66.33
Stope_014,2024-02-07,1.88,0.67,36.75,20.42,67.55
Stope_014,2024-02-08,1.53,0.31,35.3,19.56,67.71
Stope_014,2024-02-09,1.99,0.76,37.96,19.86,69.33
Stope_014,2024-02-10,1.89,0.65,37.8,19.4,69.61
Stope_014,2024-02-11,2.0,0.74,38.64,19.26,70.08
Stope_014,2024-02-12,1.8,0.54,38.01,18.73,69.74
Stope_014,2024-02-13,1.84,0.56,38.52,18.57,69.63
Stope_014,2024-02-14,2.02,0.73,39.79,18.65,69.59
Stope_014,2024-02-15,1.95,0.65,39.74,18.42,68.83
Stope_014,2024-02-16,1.87,0.56,39.69,18.21,67.86
Stope_014,2024-02-17,2.01,0.69,40.73,18.35,67.14
Stope_014,2024-02-18,2.14,0.8,41.69,18.5,66.23
Stope_014,2024-02-19,2.17,0.83,42.2,18.58,65.0
Stope_014,2024-02-20,2.14,0.79,42.38,18.6,63.53
Stope_014,2024-02-21,2.16,0.79,42.8,18.73,62.08
Stope_014,2024-02-22,2.28,0.91,43.75,19.05,60.79
Stope_014,2024-02-23,1.93,0.54,42.32,18.75,58.55
Stope_014,2024-02-24,2.36,0.96,44.8,19.55,57.88
Stope_014,2024-02-25,2.37,0.96,45.2,19.81,56.44
Stope_014,2024-02-26,2.14,0.72,44.38,19.77,54.6
Stope_014,2024-02-27,2.35,0.92,45.77,20.38,53.76
Stope_014,2024-02-28,2.34,0.89,46.02,20.69,52.61
Stope_014,2024-02-29,2.31,0.85,46.21,20.99,51.6
Stope_014,2024-03-01,2.22,0.75,46.09,21.23,50.66
Stope_014,2024-03-02,2.42,0.95,47.45,21.88,50.51
Stope_014,2024-03-03,2.3,0.82,47.19,22.1,49.93
Stope_014,2024-03-04,2.42,0.92,48.08,22.64,50.03
Stope_014,2024-03-05,2.5,0.99,48.85,23.14,50.31
Stope_014,2024-03-06,2.41,0.89,48.73,23.39,50.46
Stope_014,2024-03-07,2.56,1.03,49.82,23.97,51.3
Stope_014,2024-03-08,2.58,1.04,50.25,24.36,52.08
Stope_014,2024-03-09,2.61,1.05,50.69,24.73,53.05
Stope_014,2024-03-10,2.49,0.92,50.44,24.88,53.89
Stope_014,2024-03-11,2.41,0.83,50.36,25.06,54.95
Stope_014,2024-03-12,2.55,0.96,51.41,25.53,56.56
Stope_014,2024-03-13,2.58,0.98,51.91,25.81,58.02
Stope_014,2024-03-14,2.36,0.75,51.16,25.71,59.03
Stope_014,2024-03-15,2.76,1.14,53.48,26.43,61.28
Stope_014,2024-03-16,2.54,0.91,52.71,26.27,62.27
Stope_014,2024-03-17,2.8,1.16,54.33,26.72,64.16
Stope_014,2024-03-18,2.89,1.24,55.13,26.9,65.63
Stope_014,2024-03-19,2.74,1.08,54.72,26.71,66.5
Stope_014,2024-03-20,2.62,0.94,54.41,26.5,67.26
Stope_014,2024-03-21,2.75,1.06,55.41,26.61,68.38
Stope_014,2024-03-22,2.93,1.23,56.66,26.75,69.41
Stope_014,2024-03-23,2.92,1.21,56.92,26.58,69.84
Stope_014,2024-03-24,3.05,1.32,57.9,26.57,70.34
Stope_014,2024-03-25,2.8,1.07,57.02,26.0,69.87
Stope_014,2024-03-26,2.88,1.14,57.74,25.85,69.82
Stope_014,2024-03-27,2.83,1.08,57.83,25.48,69.29
Stope_014,2024-03-28,2.9,1.14,58.52,25.26,68.8
Stope_014,2024-03-29,3.01,1.23,59.36,25.05,68.16
Stope_014,2024-03-30,3.12,1.33,60.26,24.81,67.36
Stope_015,2024-01-01,1.01,0.21,20.05,22.56,70.02
Stope_015,2024-01-02,1.22,0.41,21.42,23.23,70.28
Stope_015,2024-01-03,1.07,0.25,21.04,23.41,69.61
Stope_015,2024-01-04,1.12,0.28,21.58,23.84,69.1
Stope_015,2024-01-05,1.04,0.2,21.55,24.09,68.16
Stope_015,2024-01-06,1.01,0.15,21.71,24.4,67.11
Stope_015,2024-01-07,1.08,0.22,22.42,24.81,66.12
Stope_015,2024-01-08,1.2,0.33,23.35,25.28,65.07
Stope_015,2024-01-09,1.11,0.22,23.2,25.42,63.48
Stope_015,2024-01-10,1.29,0.39,24.44,25.92,62.37
Stope_015,2024-01-11,1.31,0.4,24.88,26.16,60.88
Stope_015,2024-01-12,1.15,0.23,24.41,26.11,59.02
Stope_015,2024-01-13,1.31,0.38,25.56,26.47,57.82
Stope_015,2024-01-14,1.17,0.23,25.2,26.38,56.07
Stope_015,2024-01-15,1.32,0.36,26.27,26.64,54.97
Stope_015,2024-01-16,1.42,0.45,27.08,26.81,53.88
Stope_015,2024-01-17,1.53,0.55,27.99,26.93,52.98
Stope_015,2024-01-18,1.43,0.44,27.82,26.74,51.8
Stope_015,2024-01-19,1.31,0.31,27.56,26.46,50.78
Stope_015,2024-01-20,1.6,0.59,29.34,26.72,50.78
Stope_015,2024-01-21,1.25,0.23,27.91,26.04,49.71
Stope_015,2024-01-22,1.65,0.62,30.27,26.39,50.37
Stope_015,2024-01-23,1.44,0.4,29.54,25.84,50.03
Stope_015,2024-01-24,1.48,0.43,30.08,25.6,50.42
Stope_015,2024-01-25,1.42,0.36,30.11,25.2,50.81
Stope_015,2024-01-26,1.55,0.47,31.08,25.02,51.78
Stope_015,2024-01-27,1.61,0.52,31.73,24.73,52.81
Stope_015,2024-01-28,1.6,0.5,32.02,24.33,53.86
Stope_015,2024-01-29,1.73,0.62,32.97,24.08,55.31
Stope_015,2024-01-30,1.74,0.62,33.37,23.66,56.65
Stope_015,2024-01-31,1.69,0.55,33.44,23.15,57.93
Stope_015,2024-02-01,1.82,0.67,34.41,22.89,59.63
Stope_015,2024-02-02,1.82,0.66,34.76,22.44,61.09
Stope_015,2024-02-03,1.77,0.6,34.84,21.93,62.42
Stope_015,2024-02-04,1.73,0.55,34.98,21.45,63.73
Stope_015,2024-02-05,1.79,0.6,35.63,21.1,65.15
Stope_015,2024-02-06,1.75,0.55,35.77,20.64,66.25
Stope_015,2024-02-07,1.84,0.63,36.55,20.37,67.47
Stope_015,2024-02-08,1.98,0.76,37.56,20.19,68.62
Stope_015,2024-02-09,1.78,0.55,36.91,19.56,68.91
Stope_015,2024-02-10,1.97,0.72,38.17,19.51,69.76
Stope_015,2024-02-11,1.97,0.71,38.51,19.22,70.03
Stope_015,2024-02-12,1.85,0.59,38.26,18.8,69.84
Stope_015,2024-02-13,2.29,1.01,40.77,19.19,70.53
Stope_015,2024-02-14,1.9,0.61,39.18,18.48,69.35
Stope_015,2024-02-15,2.21,0.91,41.03,18.76,69.34
Stope_015,2024-02-16,2.18,0.87,41.24,18.64,68.48
Stope_015,2024-02-17,1.93,0.61,40.33,18.24,66.98
Stope_015,2024-02-18,2.1,0.77,41.51,18.46,66.15
Stope_015,2024-02-19,2.16,0.81,42.11,18.55,64.96
Stope_015,2024-02-20,2.02,0.66,41.75,18.43,63.28
Stope_015,2024-02-21,2.14,0.78,42.71,18.71,62.04
Stope_015,2024-02-22,2.28,0.9,43.74,19.05,60.79
Stope_015,2024-02-23,2.04,0.65,42.88,18.9,58.77
Stope_015,2024-02-24,2.3,0.9,44.48,19.47,57.76
Stope_015,2024-02-25,2.14,0.73,44.03,19.5,55.98
Stope_015,2024-02-26,2.19,0.77,44.62,19.84,54.7
Stope_015,2024-02-27,2.16,0.72,44.79,20.1,53.37
Stope_015,2024-02-28,2.15,0.71,45.1,20.42,52.24
Stope_015,2024-02-29,2.26,0.81,45.98,20.92,51.51
Stope_015,2024-03-01,2.22,0.75,46.08,21.21,50.65
Stope_015,2024-03-02,2.27,0.79,46.69,21.67,50.21
Stope_015,2024-03-03,2.4,0.91,47.68,22.24,50.13
Stope_015,2024-03-04,2.38,0.88,47.88,22.58,49.96
Stope_015,2024-03-05,2.51,1.0,48.89,23.15,50.33
Stope_015,2024-03-06,2.47,0.94,49.0,23.47,50.57
Stope_015,2024-03-07,2.43,0.89,49.14,23.79,51.03
Stope_015,2024-03-08,2.58,1.03,50.23,24.36,52.07
Stope_015,2024-03-09,2.53,0.97,50.32,24.62,52.9
Stope_015,2024-03-10,2.51,0.95,50.56,24.91,53.94
Stope_015,2024-03-11,2.66,1.09,51.65,25.42,55.46
Stope_015,2024-03-12,2.31,0.72,50.21,25.2,56.07
Stope_015,2024-03-13,2.66,1.06,52.3,25.92,58.18
Stope_015,2024-03-14,2.57,0.96,52.18,26.0,59.44
Stope_015,2024-03-15,2.62,1.0,52.77,26.24,60.99
Stope_015,2024-03-16,2.7,1.07,53.51,26.49,62.59
Stope_015,2024-03-17,2.57,0.93,53.2,26.4,63.7
Stope_015,2024-03-18,2.6,0.94,53.66,26.49,65.04
Stope_015,2024-03-19,2.73,1.07,54.67,26.7,66.48
Stope_015,2024-03-20,2.78,1.1,55.24,26.72,67.59
Stope_015,2024-03-21,2.7,1.01,55.18,26.54,68.29
Stope_015,2024-03-22,2.65,0.95,55.24,26.36,68.84
Stope_015,2024-03-23,2.9,1.19,56.81,26.56,69.8
Stope_015,2024-03-24,2.9,1.18,57.17,26.36,70.05
Stope_015,2024-03-25,2.64,0.91,56.2,25.78,69.54
Stope_015,2024-03-26,3.02,1.27,58.42,26.03,70.09
Stope_015,2024-03-27,2.95,1.2,58.43,25.66,69.53
Stope_015,2024-03-28,2.98,1.22,58.92,25.37,68.96
Stope_015,2024-03-29,2.96,1.18,59.12,24.98,68.06
Stope_015,2024-03-30,2.89,1.1,59.12,24.51,66.91
Stope_016,2024-01-01,0.95,0.15,19.77,22.47,69.91
Stope_016,2024-01-02,0.98,0.17,20.22,22.9,69.8
Stope_016,2024-01-03,1.04,0.21,20.84,23.36,69.54
Stope_016,2024-01-04,1.15,0.32,21.75,23.88,69.17
Stope_016,2024-01-05,1.04,0.19,21.51,24.09,68.15
Stope_016,2024-01-06,1.19,0.34,22.63,24.65,67.48
Stope_016,2024-01-07,1.03,0.17,22.17,24.74,66.02
Stope_016,2024-01-08,1.18,0.3,23.22,25.24,65.02
Stope_016,2024-01-09,1.3,0.41,24.15,25.68,63.86
Stope_016,2024-01-10,1.05,0.15,23.26,25.59,61.89
Stope_016,2024-01-11,1.21,0.3,24.38,26.02,60.68
Stope_016,2024-01-12,1.1,0.18,24.15,26.04,58.91
Stope_016,2024-01-13,1.38,0.45,25.89,26.57,57.95
Stope_016,2024-01-14,1.38,0.44,26.25,26.67,56.49
Stope_016,2024-01-15,1.32,0.36,26.26,26.64,54.97
Stope_016,2024-01-16,1.29,0.32,26.45,26.63,53.63
Stope_016,2024-01-17,1.45,0.48,27.6,26.83,52.82
Stope_016,2024-01-18,1.42,0.43,27.76,26.72,51.78
Stope_016,2024-01-19,1.35,0.35,27.76,26.52,50.86
Stope_016,2024-01-20,1.23,0.22,27.49,26.21,50.04
Stope_016,2024-01-21,1.65,0.63,29.93,26.61,50.52
Stope_016,2024-01-22,1.51,0.47,29.53,26.18,50.08
Stope_016,2024-01-23,1.65,0.6,30.58,26.13,50.45
Stope_016,2024-01-24,1.8,0.74,31.65,26.03,51.04
Stope_016,2024-01-25,1.57,0.5,30.86,25.39,51.11
Stope_016,2024-01-26,1.58,0.5,31.24,25.06,51.85
Stope_016,2024-01-27,1.51,0.42,31.24,24.59,52.61
Stope_016,2024-01-28,1.61,0.51,32.03,24.33,53.86
Stope_016,2024-01-29,1.8,0.69,33.35,24.19,55.46
Stope_016,2024-01-30,1.84,0.72,33.89,23.82,56.86
Stope_016,2024-01-31,1.61,0.48,33.05,23.05,57.78
Stope_016,2024-02-01,1.73,0.58,33.96,22.76,59.45
Stope_016,2024-02-02,1.77,0.61,34.5,22.38,60.98
Stope_016,2024-02-03,1.7,0.54,34.52,21.85,62.3
Stope_016,2024-02-04,1.72,0.54,34.93,21.43,63.71
Stope_016,2024-02-05,1.78,0.6,35.59,21.09,65.14
Stope_016,2024-02-06,1.83,0.63,36.15,20.74,66.41
Stope_016,2024-02-07,1.75,0.54,36.1,20.24,67.29
Stope_016,2024-02-08,1.88,0.66,37.08,20.05,68.42
Stope_016,2024-02-09,2.01,0.78,38.07,19.88,69.37
Stope_016,2024-02-10,1.91,0.66,37.86,19.43,69.64
Stope_016,2024-02-11,1.85,0.59,37.9,19.05,69.78
Stope_016,2024-02-12,1.8,0.53,37.98,18.73,69.72
Stope_016,2024-02-13,2.09,0.81,39.76,18.91,70.12
Stope_016,2024-02-14,2.25,0.96,40.92,18.97,70.05
Stope_016,2024-02-15,1.77,0.47,38.84,18.15,68.46
Stope_016,2024-02-16,2.06,0.75,40.64,18.47,68.24
Stope_016,2024-02-17,1.98,0.65,40.55,18.29,67.07
Stope_016,2024-02-18,2.17,0.84,41.85,18.55,66.29
Stope_016,2024-02-19,2.17,0.83,42.19,18.58,65.0
Stope_016,2024-02-20,2.05,0.69,41.92,18.47,63.34
Stope_016,2024-02-21,2.35,0.98,43.74,19.0,62.45
Stope_016,2024-02-22,1.95,0.57,42.06,18.58,60.12
Stope_016,2024-02-23,2.2,0.81,43.66,19.11,59.08
Stope_016,2024-02-24,2.27,0.87,44.34,19.43,57.7
Stope_016,2024-02-25,2.29,0.88,44.78,19.7,56.28
Stope_016,2024-02-26,2.34,0.92,45.39,20.06,55.01
Stope_016,2024-02-27,2.23,0.8,45.15,20.2,53.52
Stope_016,2024-02-28,2.13,0.69,45.0,20.4,52.2
Stope_016,2024-02-29,2.24,0.78,45.86,20.89,51.46
Stope_016,2024-03-01,2.32,0.86,46.62,21.36,50.87
Stope_016,2024-03-02,2.33,0.86,47.0,21.75,50.33
Stope_016,2024-03-03,2.46,0.97,47.95,22.31,50.23
Stope_016,2024-03-04,2.47,0.97,48.37,22.71,50.15
Stope_016,2024-03-05,2.52,1.01,48.94,23.16,50.35
Stope_016,2024-03-06,2.35,0.82,48.39,23.3,50.33
Stope_016,2024-03-07,2.35,0.82,48.77,23.68,50.88
Stope_016,2024-03-08,2.62,1.08,50.46,24.41,52.16
Stope_016,2024-03-09,2.52,0.96,50.25,24.6,52.87
Stope_016,2024-03-10,2.46,0.89,50.3,24.84,53.84
Stope_016,2024-03-11,2.69,1.11,51.76,25.45,55.5
Stope_016,2024-03-12,2.59,1.0,51.62,25.59,56.64
Stope_016,2024-03-13,2.73,1.13,52.63,26.02,58.31
Stope_016,2024-03-14,2.55,0.94,52.07,25.98,59.39
Stope_016,2024-03-15,2.49,0.87,52.11,26.06,60.73
Stope_016,2024-03-16,2.64,1.01,53.22,26.4,62.47
Stope_016,2024-03-17,2.6,0.95,53.31,26.43,63.75
Stope_016,2024-03-18,2.81,1.15,54.72,26.78,65.46
Stope_016,2024-03-19,2.92,1.25,55.6,26.94,66.85
Stope_016,2024-03-20,2.89,1.21,55.8,26.88,67.82
Stope_016,2024-03-21,2.92,1.23,56.25,26.85,68.72
Stope_016,2024-03-22,2.76,1.06,55.78,26.52,69.06
Stope_016,2024-03-23,2.99,1.28,57.29,26.68,69.99
Stope_016,2024-03-24,2.79,1.07,56.63,26.21,69.83
Stope_016,2024-03-25,2.73,1.0,56.65,25.91,69.72
Stope_016,2024-03-26,2.83,1.09,57.51,25.78,69.72
Stope_016,2024-03-27,2.97,1.22,58.54,25.68,69.57
Stope_016,2024-03-28,2.78,1.02,57.91,25.09,68.55
Stope_016,2024-03-29,3.09,1.31,59.8,25.16,68.33
Stope_016,2024-03-30,3.05,1.26,59.9,24.72,67.22
Stope_017,2024-01-01,0.83,0.03,19.16,22.31,69.66
Stope_017,2024-01-02,1.05,0.24,20.59,23.0,69.95
Stope_017,2024-01-03,1.06,0.24,20.96,23.39,69.58
Stope_017,2024-01-04,1.18,0.34,21.88,23.93,69.22
Stope_017,2024-01-05,1.13,0.29,21.99,24.22,68.34
Stope_017,2024-01-06,1.05,0.19,21.9,24.44,67.19
Stope_017,2024-01-07,1.08,0.21,22.4,24.81,66.11
Stope_017,2024-01-08,1.03,0.16,22.51,25.05,64.73
Stope_017,2024-01-09,1.3,0.41,24.16,25.68,63.86
Stope_017,2024-01-10,1.19,0.29,23.97,25.78,62.18
Stope_017,2024-01-11,1.13,0.22,23.97,25.91,60.52
Stope_017,2024-01-12,1.28,0.36,25.06,26.29,59.28
Stope_017,2024-01-13,1.24,0.3,25.19,26.38,57.67
Stope_017,2024-01-14,1.36,0.41,26.11,26.64,56.43
Stope_017,2024-01-15,1.35,0.39,26.41,26.68,55.02
Stope_017,2024-01-16,1.23,0.26,26.15,26.54,53.51
Stope_017,2024-01-17,1.37,0.39,27.19,26.71,52.66
Stope_017,2024-01-18,1.34,0.35,27.37,26.61,51.62
Stope_017,2024-01-19,1.31,0.31,27.55,26.46,50.78
Stope_017,2024-01-20,1.43,0.42,28.49,26.49,50.44
Stope_017,2024-01-21,1.61,0.59,29.74,26.56,50.44
Stope_017,2024-01-22,1.43,0.4,29.16,26.07,49.93
Stope_017,2024-01-23,1.4,0.35,29.31,25.77,49.94
Stope_017,2024-01-24,1.52,0.46,30.27,25.66,50.49
Stope_017,2024-01-25,1.46,0.39,30.31,25.24,50.89
Stope_017,2024-01-26,1.67,0.6,31.7,25.19,52.03
Stope_017,2024-01-27,1.59,0.5,31.6,24.7,52.76
Stope_017,2024-01-28,1.57,0.47,31.84,24.27,53.79
Stope_017,2024-01-29,1.8,0.69,33.35,24.19,55.46
Stope_017,2024-01-30,1.6,0.48,32.69,23.48,56.37
Stope_017,2024-01-31,1.68,0.55,33.41,23.15,57.92
Stope_017,2024-02-01,1.81,0.66,34.38,22.89,59.62
Stope_017,2024-02-02,1.54,0.39,33.38,22.07,60.54
Stope_017,2024-02-03,1.73,0.56,34.65,21.88,62.35
Stope_017,2024-02-04,1.74,0.56,35.01,21.45,63.74
Stope_017,2024-02-05,1.69,0.5,35.12,20.96,64.95
Stope_017,2024-02-06,1.72,0.52,35.59,20.59,66.18
Stope_017,2024-02-07,1.88,0.67,36.74,20.42,67.55
Stope_017,2024-02-08,1.74,0.51,36.35,19.86,68.13
Stope_017,2024-02-09,1.72,0.49,36.61,19.48,68.79
Stope_017,2024-02-10,2.0,0.75,38.32,19.55,69.82
Stope_017,2024-02-11,1.97,0.71,38.51,19.22,70.02
Stope_017,2024-02-12,1.83,0.56,38.14,18.78,69.79
Stope_017,2024-02-13,1.99,0.71,39.27,18.78,69.92
Stope_017,2024-02-14,1.88,0.6,39.09,18.46,69.32
Stope_017,2024-02-15,2.16,0.86,40.82,18.71,69.26
Stope_017,2024-02-16,2.02,0.71,40.42,18.4,68.15
Stope_017,2024-02-17,2.31,0.99,42.22,18.76,67.73
Stope_017,2024-02-18,2.15,0.82,41.75,18.53,66.25
Stope_017,2024-02-19,2.05,0.7,41.58,18.4,64.75
Stope_017,2024-02-20,2.09,0.74,42.13,18.53,63.43
Stope_017,2024-02-21,2.26,0.89,43.29,18.87,62.28
Stope_017,2024-02-22,2.19,0.81,43.29,18.91,60.61
Stope_017,2024-02-23,2.27,0.88,44.01,19.2,59.22
Stope_017,2024-02-24,2.11,0.71,43.54,19.2,57.38
Stope_017,2024-02-25,2.24,0.83,44.53,19.63,56.18
Stope_017,2024-02-26,2.2,0.78,44.68,19.86,54.72
Stope_017,2024-02-27,2.32,0.89,45.62,20.34,53.7
Stope_017,2024-02-28,2.38,0.94,46.24,20.74,52.7
Stope_017,2024-02-29,2.48,1.02,47.04,21.21,51.94
Stope_017,2024-03-01,2.19,0.72,45.95,21.18,50.6
Stope_017,2024-03-02,2.32,0.84,46.92,21.74,50.3
Stope_017,2024-03-03,2.38,0.89,47.58,22.2,50.09
Stope_017,2024-03-04,2.38,0.88,47.9,22.58,49.96
Stope_017,2024-03-05,2.42,0.91,48.42,23.01,50.14
Stope_017,2024-03-06,2.45,0.93,48.92,23.44,50.54
Stope_017,2024-03-07,2.33,0.8,48.67,23.65,50.84
Stope_017,2024-03-08,2.48,0.94,49.73,24.22,51.87
Stope_017,2024-03-09,2.53,0.97,50.31,24.62,52.89
Stope_017,2024-03-10,2.62,1.06,51.12,25.08,54.16
Stope_017,2024-03-11,2.62,1.04,51.43,25.37,55.37
Stope_017,2024-03-12,2.45,0.86,50.93,25.39,56.36
Stope_017,2024-03-13,2.61,1.01,52.03,25.85,58.07
Stope_017,2024-03-14,2.49,0.87,51.76,25.88,59.27
Stope_017,2024-03-15,2.64,1.02,52.86,26.27,61.03
Stope_017,2024-03-16,2.75,1.12,53.76,26.56,62.69
Stope_017,2024-03-17,2.79,1.14,54.26,26.7,64.13
Stope_017,2024-03-18,2.77,1.11,54.51,26.72,65.38
Stope_017,2024-03-19,2.65,0.98,54.23,26.57,66.3
Stope_017,2024-03-20,2.76,1.08,55.14,26.7,67.55
Stope_017,2024-03-21,2.78,1.09,55.58,26.65,68.45
Stope_017,2024-03-22,2.82,1.12,56.11,26.6,69.19
Stope_017,2024-03-23,2.8,1.09,56.31,26.42,69.6
Stope_017,2024-03-24,2.7,0.98,56.16,26.09,69.64
Stope_017,2024-03-25,2.91,1.18,57.57,26.16,70.09
Stope_017,2024-03-26,2.8,1.06,57.36,25.74,69.66
Stope_017,2024-03-27,2.91,1.15,58.22,25.59,69.45
Stope_017,2024-03-28,2.97,1.2,58.83,25.34,68.92
Stope_017,2024-03-29,3.16,1.39,60.15,25.26,68.47
Stope_017,2024-03-30,2.89,1.1,59.11,24.49,66.9
Stope_018,2024-01-01,0.93,0.13,19.64,22.44,69.86
Stope_018,2024-01-02,1.0,0.19,20.33,22.93,69.84
Stope_018,2024-01-03,1.2,0.38,21.69,23.59,69.87
Stope_018,2024-01-04,1.24,0.4,22.19,24.01,69.35
Stope_018,2024-01-05,1.27,0.43,22.7,24.41,68.62
Stope_018,2024-01-06,1.24,0.39,22.88,24.72,67.58
Stope_018,2024-01-07,1.2,0.33,22.98,24.98,66.34
Stope_018,2024-01-08,1.38,0.5,24.22,25.53,65.42
Stope_018,2024-01-09,1.19,0.3,23.62,25.55,63.65
Stope_018,2024-01-10,1.15,0.25,23.75,25.73,62.09
Stope_018,2024-01-11,1.31,0.4,24.88,26.16,60.88
Stope_018,2024-01-12,1.31,0.38,25.2,26.34,59.33
Stope_018,2024-01-13,1.27,0.34,25.36,26.42,57.74
Stope_018,2024-01-14,1.22,0.27,25.41,26.45,56.15
Stope_018,2024-01-15,1.34,0.39,26.37,26.68,55.01
Stope_018,2024-01-16,1.29,0.32,26.43,26.63,53.62
Stope_018,2024-01-17,1.33,0.35,26.99,26.67,52.58
Stope_018,2024-01-18,1.43,0.44,27.83,26.74,51.81
Stope_018,2024-01-19,1.33,0.33,27.63,26.49,50.81
Stope_018,2024-01-20,1.42,0.41,28.42,26.46,50.41
Stope_018,2024-01-21,1.53,0.51,29.33,26.45,50.28
Stope_018,2024-01-22,1.43,0.4,29.15,26.07,49.93
Stope_018,2024-01-23,1.48,0.44,29.75,25.89,50.11
Stope_018,2024-01-24,1.55,0.49,30.4,25.68,50.54
Stope_018,2024-01-25,1.57,0.5,30.83,25.39,51.1
Stope_018,2024-01-26,1.43,0.36,30.5,24.85,51.55
Stope_018,2024-01-27,1.68,0.59,32.05,24.83,52.94
Stope_018,2024-01-28,1.59,0.49,31.95,24.3,53.83
Stope_018,2024-01-29,1.55,0.44,32.08,23.83,54.95
Stope_018,2024-01-30,1.81,0.69,33.71,23.76,56.78
Stope_018,2024-01-31,1.52,0.39,32.61,22.93,57.6
Stope_018,2024-02-01,1.81,0.67,34.39,22.89,59.62
Stope_018,2024-02-02,1.52,0.36,33.26,22.03,60.49
Stope_018,2024-02-03,1.8,0.63,34.99,21.97,62.48
Stope_018,2024-02-04,1.74,0.56,35.04,21.46,63.75
Stope_018,2024-02-05,1.8,0.61,35.67,21.12,65.17
Stope_018,2024-02-06,1.98,0.78,36.91,20.95,66.71
Stope_018,2024-02-07,1.76,0.55,36.12,20.26,67.3
Stope_018,2024-02-08,1.82,0.6,36.76,19.97,68.3
Stope_018,2024-02-09,1.92,0.69,37.61,19.76,69.19
Stope_018,2024-02-10,1.83,0.59,37.5,19.32,69.49
Stope_018,2024-02-11,2.0,0.74,38.66,19.26,70.08
Stope_018,2024-02-12,1.95,0.68,38.73,18.94,70.02
Stope_018,2024-02-13,1.93,0.65,38.98,18.71,69.81
Stope_018,2024-02-14,2.03,0.74,39.81,18.66,69.61
Stope_018,2024-02-15,1.94,0.64,39.72,18.4,68.82
Stope_018,2024-02-16,1.96,0.65,40.16,18.33,68.04
Stope_018,2024-02-17,1.99,0.67,40.63,18.32,67.1
Stope_018,2024-02-18,1.99,0.65,40.93,18.29,65.92
Stope_018,2024-02-19,2.12,0.77,41.92,18.5,64.89
Stope_018,2024-02-20,2.11,0.76,42.23,18.55,63.47
Stope_018,2024-02-21,2.17,0.8,42.86,18.75,62.1
Stope_018,2024-02-22,2.3,0.92,43.83,19.07,60.83
Stope_018,2024-02-23,2.22,0.83,43.77,19.15,59.13
Stope_018,2024-02-24,2.24,0.84,44.22,19.4,57.65
Stope_018,2024-02-25,2.21,0.8,44.38,19.59,56.12
Stope_018,2024-02-26,2.29,0.86,45.1,19.98,54.89
Stope_018,2024-02-27,2.1,0.66,44.48,20.02,53.25
Stope_018,2024-02-28,2.26,0.82,45.65,20.58,52.46
Stope_018,2024-02-29,2.32,0.86,46.25,20.99,51.62
Stope_018,2024-03-01,2.47,1.0,47.35,21.57,51.16
Stope_018,2024-03-02,2.26,0.78,46.64,21.66,50.19
Stope_018,2024-03-03,2.3,0.81,47.17,22.08,49.92
Stope_018,2024-03-04,2.61,1.11,49.07,22.9,50.43
Stope_018,2024-03-05,2.32,0.8,47.91,22.87,49.94
Stope_018,2024-03-06,2.49,0.97,49.11,23.5,50.61
Stope_018,2024-03-07,2.54,1.0,49.68,23.93,51.25
Stope_018,2024-03-08,2.54,0.99,50.02,24.29,51.99
Stope_018,2024-03-09,2.53,0.97,50.29,24.62,52.89
Stope_018,2024-03-10,2.58,1.01,50.89,25.01,54.07
Stope_018,2024-03-11,2.79,1.21,52.29,25.6,55.72
Stope_018,2024-03-12,2.64,1.05,51.86,25.66,56.73
Stope_018,2024-03-13,2.43,0.83,51.15,25.6,57.72
Stope_018,2024-03-14,2.72,1.11,52.92,26.21,59.74
Stope_018,2024-03-15,2.73,1.11,53.33,26.39,61.22
Stope_018,2024-03-16,2.77,1.14,53.85,26.58,62.72
Stope_018,2024-03-17,2.66,1.01,53.62,26.52,63.87
Stope_018,2024-03-18,2.74,1.09,54.38,26.7,65.33
Stope_018,2024-03-19,2.69,1.02,54.44,26.63,66.39
Stope_018,2024-03-20,2.73,1.05,54.97,26.65,67.48
Stope_018,2024-03-21,2.62,0.93,54.75,26.43,68.12
Stope_018,2024-03-22,2.92,1.22,56.6,26.74,69.39
Stope_018,2024-03-23,2.64,0.93,55.54,26.2,69.29
Stope_018,2024-03-24,2.88,1.15,57.04,26.34,69.99
Stope_018,2024-03-25,2.73,1.0,56.67,25.91,69.73
Stope_018,2024-03-26,2.89,1.15,57.8,25.86,69.84
Stope_018,2024-03-27,2.92,1.16,58.25,25.6,69.46
Stope_018,2024-03-28,2.88,1.11,58.38,25.21,68.74
Stope_018,2024-03-29,3.02,1.24,59.42,25.06,68.18
Stope_018,2024-03-30,2.89,1.1,59.13,24.51,66.91
Stope_019,2024-01-01,1.1,0.3,20.5,22.68,70.2
Stope_019,2024-01-02,1.08,0.27,20.74,23.04,70.01
Stope_019,2024-01-03,1.15,0.33,21.42,23.51,69.77
Stope_019,2024-01-04,1.09,0.25,21.43,23.8,69.04
Stope_019,2024-01-05,0.96,0.12,21.15,23.98,68.0
Stope_019,2024-01-06,0.98,0.12,21.57,24.36,67.06
Stope_019,2024-01-07,1.03,0.16,22.13,24.74,66.0
Stope_019,2024-01-08,1.22,0.34,23.44,25.31,65.11
Stope_019,2024-01-09,1.3,0.41,24.15,25.68,63.86
Stope_019,2024-01-10,1.24,0.34,24.18,25.85,62.26
Stope_019,2024-01-11,1.08,0.17,23.73,25.84,60.42
Stope_019,2024-01-12,1.24,0.32,24.88,26.24,59.21
Stope_019,2024-01-13,1.32,0.39,25.62,26.49,57.84
Stope_019,2024-01-14,1.33,0.39,25.98,26.6,56.38
Stope_019,2024-01-15,1.4,0.45,26.67,26.76,55.13
Stope_019,2024-01-16,1.52,0.55,27.6,26.94,54.09
Stope_019,2024-01-17,1.38,0.41,27.26,26.74,52.68
Stope_019,2024-01-18,1.31,0.32,27.19,26.56,51.55
Stope_019,2024-01-19,1.42,0.42,28.1,26.61,51.0
Stope_019,2024-01-20,1.41,0.4,28.4,26.46,50.4
Stope_019,2024-01-21,1.48,0.45,29.05,26.36,50.16
Stope_019,2024-01-22,1.37,0.34,28.87,26.0,49.81
Stope_019,2024-01-23,1.52,0.47,29.92,25.93,50.18
Stope_019,2024-01-24,1.3,0.25,29.18,25.35,50.06
Stope_019,2024-01-25,1.53,0.47,30.67,25.35,51.03
Stope_019,2024-01-26,1.59,0.51,31.27,25.08,51.86
Stope_019,2024-01-27,1.39,0.31,30.64,24.42,52.37
Stope_019,2024-01-28,1.67,0.57,32.33,24.41,53.98
Stope_019,2024-01-29,1.7,0.59,32.84,24.04,55.26
Stope_019,2024-01-30,1.74,0.62,33.36,23.66,56.64
Stope_019,2024-01-31,1.4,0.27,31.99,22.76,57.36
Stope_019,2024-02-01,1.55,0.41,33.1,22.53,59.1
Stope_019,2024-02-02,1.62,0.47,33.78,22.18,60.7
Stope_019,2024-02-03,1.94,0.77,35.68,22.17,62.76
Stope_019,2024-02-04,1.78,0.6,35.21,21.5,63.82
Stope_019,2024-02-05,1.8,0.61,35.68,21.12,65.17
Stope_019,2024-02-06,1.83,0.63,36.16,20.74,66.41
Stope_019,2024-02-07,1.85,0.63,36.56,20.37,67.48
Stope_019,2024-02-08,1.68,0.46,36.08,19.77,68.02
Stope_019,2024-02-09,1.81,0.58,37.06,19.61,68.97
Stope_019,2024-02-10,1.81,0.56,37.38,19.29,69.44
Stope_019,2024-02-11,1.9,0.65,38.17,19.14,69.89
Stope_019,2024-02-12,1.81,0.54,38.04,18.75,69.75
Stope_019,2024-02-13,1.89,0.61,38.78,18.64,69.73
Stope_019,2024-02-14,2.06,0.77,39.97,18.71,69.67
Stope_019,2024-02-15,1.92,0.62,39.6,18.37,68.77
Stope_019,2024-02-16,2.17,0.86,41.18,18.62,68.45
Stope_019,2024-02-17,2.09,0.77,41.14,18.46,67.3
Stope_019,2024-02-18,2.19,0.86,41.97,18.58,66.34
Stope_019,2024-02-19,2.15,0.8,42.08,18.54,64.95
Stope_019,2024-02-20,2.11,0.75,42.21,18.55,63.46
Stope_019,2024-02-21,2.2,0.84,43.02,18.79,62.17
Stope_019,2024-02-22,2.35,0.97,44.08,19.14,60.93
Stope_019,2024-02-23,1.97,0.58,42.52,18.8,58.63
Stope_019,2024-02-24,2.04,0.64,43.2,19.11,57.24
Stope_019,2024-02-25,2.16,0.75,44.14,19.52,56.02
Stope_019,2024-02-26,2.27,0.85,45.03,19.95,54.86
Stope_019,2024-02-27,2.43,0.99,46.13,20.48,53.91
Stope_019,2024-02-28,2.23,0.79,45.48,20.53,52.4
Stope_019,2024-02-29,2.51,1.06,47.24,21.27,52.01
Stope_019,2024-03-01,2.44,0.98,47.22,21.53,51.11
Stope_019,2024-03-02,2.42,0.94,47.42,21.88,50.5
Stope_019,2024-03-03,2.24,0.75,46.85,22.0,49.79
Stope_019,2024-03-04,2.38,0.88,47.9,22.58,49.96
Stope_019,2024-03-05,2.42,0.9,48.41,23.01,50.14
Stope_019,2024-03-06,2.44,0.92,48.86,23.43,50.51
Stope_019,2024-03-07,2.39,0.86,48.94,23.73,50.95
Stope_019,2024-03-08,2.68,1.13,50.73,24.48,52.27
Stope_019,2024-03-09,2.49,0.93,50.12,24.56,52.82
Stope_019,2024-03-10,2.36,0.79,49.79,24.7,53.63
Stope_019,2024-03-11,2.4,0.83,50.35,25.06,54.94
Stope_019,2024-03-12,2.5,0.91,51.16,25.46,56.45
Stope_019,2024-03-13,2.58,0.98,51.92,25.82,58.03
Stope_019,2024-03-14,2.64,1.03,52.52,26.1,59.58
Stope_019,2024-03-15,2.74,1.11,53.35,26.4,61.23
Stope_019,2024-03-16,2.71,1.07,53.53,26.49,62.6
Stope_019,2024-03-17,2.66,1.01,53.62,26.52,63.87
Stope_019,2024-03-18,2.89,1.24,55.14,26.9,65.63
Stope_019,2024-03-19,2.84,1.17,55.18,26.83,66.68
Stope_019,2024-03-20,2.72,1.05,54.95,26.64,67.48
Stope_019,2024-03-21,2.68,0.99,55.04,26.52,68.23
Stope_019,2024-03-22,2.84,1.14,56.22,26.63,69.23
Stope_019,2024-03-23,2.6,0.89,55.33,26.14,69.2
Stope_019,2024-03-24,2.7,0.98,56.18,26.1,69.65
Stope_019,2024-03-25,2.85,1.12,57.25,26.07,69.96
Stope_019,2024-03-26,2.82,1.07,57.41,25.75,69.69
Stope_019,2024-03-27,2.83,1.07,57.8,25.48,69.28
Stope_019,2024-03-28,2.97,1.2,58.84,25.34,68.92
Stope_019,2024-03-29,2.89,1.11,58.79,24.88,67.93
Stope_019,2024-03-30,3.02,1.23,59.75,24.67,67.16
Stope_020,2024-01-01,0.97,0.17,19.83,22.5,69.93
Stope_020,2024-01-02,0.91,0.09,19.86,22.79,69.65
Stope_020,2024-01-03,1.18,0.35,21.55,23.55,69.82
Stope_020,2024-01-04,0.97,0.14,20.87,23.64,68.82
Stope_020,2024-01-05,0.95,0.11,21.1,23.97,67.98
Stope_020,2024-01-06,1.1,0.25,22.19,24.52,67.3
Stope_020,2024-01-07,1.26,0.39,23.28,25.06,66.46
Stope_020,2024-01-08,1.16,0.28,23.12,25.21,64.98
Stope_020,2024-01-09,1.08,0.19,23.06,25.38,63.43
Stope_020,2024-01-10,1.21,0.31,24.03,25.81,62.2
Stope_020,2024-01-11,1.18,0.27,24.23,25.98,60.62
Stope_020,2024-01-12,1.21,0.29,24.74,26.2,59.15
Stope_020,2024-01-13,1.41,0.48,26.05,26.61,58.01
Stope_020,2024-01-14,1.21,0.27,25.39,26.43,56.14
Stope_020,2024-01-15,1.39,0.44,26.63,26.75,55.12
Stope_020,2024-01-16,1.18,0.21,25.88,26.46,53.4
Stope_020,2024-01-17,1.26,0.28,26.62,26.56,52.43
Stope_020,2024-01-18,1.41,0.42,27.7,26.7,51.76
Stope_020,2024-01-19,1.5,0.5,28.51,26.72,51.16
Stope_020,2024-01-20,1.22,0.21,27.45,26.2,50.03
Stope_020,2024-01-21,1.52,0.5,29.27,26.42,50.25
Stope_020,2024-01-22,1.72,0.69,30.6,26.47,50.51
Stope_020,2024-01-23,1.47,0.43,29.69,25.88,50.09
Stope_020,2024-01-24,1.44,0.38,29.86,25.55,50.33
Stope_020,2024-01-25,1.47,0.4,30.35,25.26,50.91
Stope_020,2024-01-26,1.58,0.5,31.22,25.06,51.84
Stope_020,2024-01-27,1.66,0.57,31.95,24.78,52.9
Stope_020,2024-01-28,1.77,0.67,32.87,24.56,54.2
Stope_020,2024-01-29,1.55,0.44,32.11,23.84,54.96
Stope_020,2024-01-30,1.55,0.43,32.4,23.4,56.26
Stope_020,2024-01-31,1.76,0.62,33.79,23.25,58.07
Stope_020,2024-02-01,1.67,0.53,33.68,22.69,59.34
Stope_020,2024-02-02,1.57,0.41,33.51,22.1,60.59
Stope_020,2024-02-03,1.84,0.67,35.18,22.03,62.56
Stope_020,2024-02-04,1.61,0.44,34.4,21.28,63.5
Stope_020,2024-02-05,1.63,0.44,34.82,20.88,64.83
Stope_020,2024-02-06,1.69,0.49,35.43,20.55,66.12
Stope_020,2024-02-07,1.91,0.7,36.87,20.45,67.6
Stope_020,2024-02-08,1.89,0.67,37.13,20.06,68.45
Stope_020,2024-02-09,1.78,0.54,36.89,19.56,68.9
Stope_020,2024-02-10,1.84,0.6,37.54,19.33,69.51
Stope_020,2024-02-11,1.92,0.67,38.28,19.16,69.94
Stope_020,2024-02-12,1.93,0.67,38.66,18.91,70.0
Stope_020,2024-02-13,1.99,0.71,39.27,18.78,69.92
Stope_020,2024-02-14,1.95,0.66,39.42,18.55,69.45
Stope_020,2024-02-15,2.03,0.73,40.17,18.53,69.0
Stope_020,2024-02-16,2.04,0.73,40.55,18.44,68.2
Stope_020,2024-02-17,1.95,0.63,40.43,18.26,67.02
Stope_020,2024-02-18,1.99,0.66,40.97,18.3,65.94
Stope_020,2024-02-19,2.0,0.65,41.32,18.33,64.64
Stope_020,2024-02-20,2.07,0.72,42.03,18.5,63.39
Stope_020,2024-02-21,2.28,0.92,43.41,18.9,62.32
Stope_020,2024-02-22,2.06,0.69,42.65,18.75,60.36
Stope_020,2024-02-23,2.26,0.87,43.96,19.2,59.2
Stope_020,2024-02-24,1.87,0.47,42.33,18.87,56.9
Stope_020,2024-02-25,2.27,0.86,44.68,19.68,56.24
Stope_020,2024-02-26,2.23,0.81,44.83,19.9,54.78
Stope_020,2024-02-27,2.16,0.73,44.8,20.1,53.37
Stope_020,2024-02-28,2.33,0.88,45.97,20.66,52.59
Stope_020,2024-02-29,2.46,1.0,46.94,21.18,51.9
Stope_020,2024-03-01,2.23,0.76,46.13,21.23,50.67
Stope_020,2024-03-02,2.29,0.82,46.8,21.7,50.25
Stope_020,2024-03-03,2.39,0.9,47.64,22.22,50.11
Stope_020,2024-03-04,2.23,0.73,47.17,22.38,49.67
Stope_020,2024-03-05,2.38,0.87,48.22,22.97,50.06
Stope_020,2024-03-06,2.47,0.94,49.0,23.47,50.57
Stope_020,2024-03-07,2.39,0.85,48.93,23.72,50.95
Stope_020,2024-03-08,2.76,1.22,51.14,24.6,52.44
Stope_020,2024-03-09,2.38,0.82,49.56,24.41,52.59
Stope_020,2024-03-10,2.5,0.93,50.49,24.9,53.91
Stope_020,2024-03-11,2.59,1.01,51.29,25.32,55.32
Stope_020,2024-03-12,2.55,0.96,51.42,25.53,56.56
Stope_020,2024-03-13,2.53,0.93,51.67,25.75,57.93
Stope_020,2024-03-14,2.57,0.96,52.18,26.0,59.44
Stope_020,2024-03-15,2.8,1.18,53.66,26.49,61.35
Stope_020,2024-03-16,2.63,1.0,53.15,26.39,62.44
Stope_020,2024-03-17,2.87,1.23,54.69,26.82,64.3
Stope_020,2024-03-18,2.7,1.05,54.18,26.64,65.25
Stope_020,2024-03-19,2.83,1.16,55.13,26.82,66.66
Stope_020,2024-03-20,2.89,1.21,55.76,26.88,67.8
Stope_020,2024-03-21,2.77,1.08,55.53,26.64,68.43
Stope_020,2024-03-22,3.04,1.34,57.19,26.9,69.62
Stope_020,2024-03-23,2.88,1.17,56.75,26.53,69.77
Stope_020,2024-03-24,2.83,1.11,56.82,26.27,69.91
Stope_020,2024-03-25,2.84,1.1,57.19,26.04,69.94
Stope_020,2024-03-26,2.66,0.92,56.64,25.55,69.38
Stope_020,2024-03-27,2.99,1.24,58.63,25.7,69.61
Stope_020,2024-03-28,2.93,1.17,58.67,25.3,68.85
Stope_020,2024-03-29,2.95,1.17,59.07,24.96,68.04
Stope_020,2024-03-30,2.94,1.15,59.38,24.58,67.02
